comment,score
วันนี้ไปเยี่ยมเพื่อนมาคะพึ่งคลอดลูก เป็นห้องรวมแต่พยาบาลดูแลดีมาก หมอทำคลอดดีมากต้องขอชื่นชมค่ะ แถมสถานที่สะอาดมากๆมีที่ให้ญาติๆได้เข้าเยี่ยมได้อย่างสะดวกสะบาย ถึงแม้จะเป็นห้องรวมก็ตาม แต่รู้สึกโอเคกับการบริการในครั้งนี้มาก หวังว่าเพื่อนของฉันจะได้รับการบริการที่ดีแบบนี้จนกว่าจะได้กลับมาผักผ่อนที่บ้านนะคะ,5
"ผมเคยปัสสาวะบ่อยมากๆ วันนึง 20รอบ 
 แล้วได้เข้ารับการรักษาที่โรงพยาบาลแห่งนี้  ผมประทับใจในการบริการของคุณหมอและเจ้าหน้าที่มากๆ รับฟังคนไข้ดีมาก  ดูแลดี ยิ้มแย้ม   ขั้นตอนต่างๆดูเป็นมืออาชีพมากๆมีระดับ รวดเร็วมากๆครับ  ประทับใจมากครับ  รู้สึกไม่ผิดหวังที่เข้ารับการรักษาที่โรงพยาบาลแห่งนี้

และชอบการdesign ตึก/ภายในตึกหรือ ห้องต่างๆในโรงพยาบาลนี้มากครับ ดูสวยงามสะอาดตา  ทันสมัยมากๆ",4
ดีมากเลยค่ะะ เคยไม่สบายเป็นไข้คุณหมอพูดจาน่ารัก พยาบาลดีมากเลยค่ะ เป็นโรงพยาบาลที่ดีในระแวกใกล้บ้านที่หนึ่งเลยค่ะ ค่ารักษาเหมาะสมกับการเข้ารับการรักษา และผู้จ่ายยามีการอธิบายการรับประทานยาชัดเจน มีความติดตามคนไข้อยู่ตลอด คุณหมอคอยตามอาการคนไข้อย่างใกล้ชิด และมีอัธยาศัยดี ยิ้มแย้ม มีการให้ความรู้ในด้านต่างๆเพิ่มขึ้นมาอีก โรงพยาบาลมีความสะอาด มีสุขอนามัยที่ดี มีบริการที่ดี,5
แม่ผมเข้ารับการรักษาอาการเส้นเลือดสมองตีบและเป็นผู้ป่วยติดเตียงที่โรงพยาบาลเป็นเวลา2เดือน และใน3สัปดาห์หลังพักฟื้นในหอพักผู้ป่วยชั้น10โซนC ในขณะที่ผมเฝ้าไข้ เวลาแม่มีไข้หมอเข้ามาเยี่ยมไข้ก็จะถามพยาบาลว่าผู้ป่วยมีแผลตรงไหนไหม พยาบาลก็ตอบว่าไม่มี จนวันที่22ต.ค.2561หมอเจ้าของไข้ให้ผู้ป่วยกลับบ้านได้ เราจึงกลับในบ่ายวันนั้นถึงศูนย์ดูแลผู้ป่วยที่ต่างจังหวัด ผู้ดูแลแม่พบว่าที่ก้นของแม่มีแผลกดทับ ผมตกใจมาก และญาติๆก็ตกใจ ว่าเกิดอะไรขึ้น ในขณะที่อยู่ร.พ.ไม่มีใครเอ่ยถึงว่าแม่มีแผลกดทับ และไม่มีกล่าวถึงการรักษาแผลกดทับเลย มีแต่ประมาณ1สัปดาห์ที่ผ่านมาก่อนออกร.พ.แม่มีไข้และหมอให้ยาฆ่าเชื้อ ในวันที่รู้ว่าแม่มีแผลผมโทรไปถาม(โวย)พยาบาลที่หอผู้ป่วย พยาบาลบอกไม่รู้จริงๆเพราะผู้ช่วยพยาบาลไม่ได้รายงานว่ามีแผลกดทับ แต่จากแผลที่ผมเห็นมีรอยเอายาเหมือนครีมขาวทาไว้ คือแผลกว้างกว่าหัวนิ้วโป้งมือ ตอนที่ผู้ช่วยพยาบาลเช็ดตัวจะไม่เห็นหรือครับ ผิวหนังก่อนจะเป็นแผลกดทับจะไม่มีความผิดปกติให้เห็นเหรอครับ คุณเรียนมาด้านนี้ก็เพื่อดูแลผู้ป่วยคุณไม่เข้าใจหรือครับ หรือว่าที่นี่รับคนไม่รู้เรื่องการดูแลผู้ป่วยเข้ามาทำงาน ร.พ.นี้มาตรฐานระดับสากลนะครับ แล้วเวลาเช็ดตัวผู้ป่วยผู้ช่วยพยาบาลก็ปิดม่านครับไม่ใช่เปิดหราให้ญาติดูด้วย ผมเฝ้าไข้นะไม่ใช่คนดูแล คุณมีปากคุณไม่รายงาน ผลเสียมันเกิดกับใครครับ สุขภาพของผู้ป่วยใช่ไหมครับ ผมขอฝากไว้หน่อย ผมพาแม่มารักษาที่นี่ยอมเสียเงินจ่ายแพงก็มีความคาดหวังนะครับ คาดหวังว่าแม่จะอาการดีขึ้น และคาดหวังว่าจะได้รับบริการการพยาบาลอย่างดี แต่ที่ประสบนี่คือการบริการแย่ๆของพวกคุณมันส่งผลให้อาการของแม่ผมแย่ลงไปด้วย มีสมองก็หัดคิดตามบ้างนะครับ จากใจญาติผู้ป่วยที่มีประสบการณ์เฝ้าไข้ร.พ.ศิริราชปิยะมหาราชการุณ 2เดือน,1
ดีมากเลยค่ะะ เคยไม่สบายเป็นไข้คุณหมอพูดจาน่ารัก พยาบาลดีมากเลยค่ะ เป็นโรงพยาบาลที่ดีในระแวกใกล้บ้านที่หนึ่งเลยค่ะ ค่ารักษาเหมาะสมกับการเข้ารับการรักษา และผู้จ่ายยามีการอธิบายการรับประทานยาชัดเจน มีความติดตามคนไข้อยู่ตลอด คุณหมอคอยตามอาการคนไข้อย่างใกล้ชิด และมีอัธยาศัยดี ยิ้มแย้ม มีการให้ความรู้ในด้านต่างๆเพิ่มขึ้นมาอีก โรงพยาบาลมีความสะอาด มีสุขอนามัยที่ดี มีบริการที่ดี,5
เป็นโรงบาลมาตราฐานเอกชน สะอาด ดูปลอดโปร่งกว่าศิริราชนะคะ อาจจะเพราะศิริราชเป็นโรงพยาบาลรัฐจึงแออัดและคนเยอะ แต่ศิริราชปิยมหาการุณย์จะเป็นเอกชน ค่าใช้จ่ายจะค่อนข้างสูง สะดวกและรวดเร็ว หมอพยาบาลน่าจะเป็นหมอจากศิริราชนะคะ ดูแลดีค่ะ ทุกๆอย่างในโรงพยาบาลดูสะอาด มีการดูแลทำความสะอาดอย่างสม่ำเสมอค่ะ พูดเพราะมากค่ะ,5
บริการดี รวดเร็ว และทันสมัย สะดวกและรวดเร็ว  ดูแลดีครับ ทุกๆอย่างในโรงพยาบาลดูสะอาด มีการดูแลทำความสะอาดอย่างสม่ำเสมอ คุณหมอพูดคุยอธิบายขั้นตอนการรักษาเข้าใจง่าย  บริการดี รวดเร็ว รักษาดีมาก หมอ พยาบาล เจ้าหน้าที่มีคุณภาพ สามารถให้การรักษาได้ตรงกับโรค วินิจฉัยโรคได้เร็วทำให้การรักษาไม่ล่าช้าโทรแจ้งนัดหมายก่อนถึงวันเข้าพบแพทย์,5
เป็นโรงบาลมาตราฐานเอกชน สะอาด ดูปลอดโปร่งกว่าศิริราชนะคะ อาจจะเพราะศิริราชเป็นโรงพยาบาลรัฐจึงแออัดและคนเยอะ แต่ศิริราชปิยมหาการุณย์จะเป็นเอกชน ค่าใช้จ่ายจะค่อนข้างสูง สะดวกและรวดเร็ว หมอพยาบาลน่าจะเป็นหมอจากศิริราชนะคะ ดูแลดีค่ะ ทุกๆอย่างในโรงพยาบาลดูสะอาด มีการดูแลทำความสะอาดอย่างสม่ำเสมอค่ะ น่าใช้บริการในครั้งต่อๆไป,5
บริการดี รวดเร็ว สถานที่สะอาด มีที่จอดรถสะดวกสบาย ร้านอาหารก็สะอาด คุณหมอพูดคุยอธิบายขั้นตอนการรักษาเข้าใจง่าย  ส่วนแผนกของเด็กๆ ก็มีกระดาษระบายสีให้เด็กๆระบาย มีของเล่นให้บริการเด็กๆ ระหว่างรอเข้าพบคุณหมอ จึงคลายเครียดให้เด็กๆ ได้ระดับหนึ่ง  มีของเล่นและขนมแจกให้เด็กๆด้วย. เจ้าหน้าที่พูดจาไพเราะ ยิ้มแย้ม อัธยาศัยดี,5
ทำการตรวจรักษาเร็ว ราคาไม่แพงมาก บริการดี อธิบายขั้นตอนการรักษาต่างๆได้ดีมาก,4
พาคุณแม่ไปพบคุณหมอแผนกอายุรกรรมโรคไต ของที่นี่ ได้คุณหมอน่ารักมาก พูดคุยแบบเป็นกันเองทำให้คุณแม่ไม่รู้สึกเครียดเลย ติดตามอาการอธิบายให้เราฟังแบบใช้ภาษาธรรมดาๆ ที่ไม่ได้เรียนแพทย์มาก็เข้าใจได้อย่างละเอียด และอีกอย่างที่ดีมาตลอดทุกครั้งที่ไปใช้บริการ คือเจ้าหน้าที่เข็นรถเข็นให้คนไข้ พี่ๆบริการดีมาก สามารถขอให้ช่วยเข็นไปที่ไหนก็ได้ในโรงพยาบาล ไม่ว่าจะเป็นห้องน้ำ ศูนย์อาหาร หรือบริการเรียกรถtaxi ให้ก็ได้ค่ะ พูดจาก็สุภาพเรียบร้อยดีค่ะ,5
บริการประทับใจ การรักษาเข้าถึงผู้เข่ารับบริการ,5
บริการทุกระดับ ประทับใจ,5
บริการดี รวดเร็ว รักษาดีมาก หมอ พยาบาล เจ้าหน้าที่มีคุณภาพ สามารถให้การรักษาได้ตรงกับโรค วินิจฉัยโรคได้เร็วทำให้การรักษาไม่ล่าช้า,5
การให้บริการดีมาก สถานที่สะอาดสวยงาม คุณหมอเป็นอาจารย์แพทย์จากศิริราชระดับแนวหน้า ดังนั้นเรื่องความชำนาญในโรคเฉพาะทางจึงไม่ต้องพูดถึง ไว้ใจในความสามารถคุณหมอได้ เครื่องมืออุปกรณ์ทางการแพทย์มีความทันสมัยมาก แต่ไม่ต้องรอคอยนานเหมือนศิริราชเดิม สำหรับท่านที่ต้องการรักษากับอาจารย์แพทย์แต่ไม่ต้องการรอนานหรือต้องการได้รับบริการที่ดี และมีกำลังจ่ายไหวแนะนำให้มาที่นี่ค่ะ จะเป็นการช่วยทำบุญทางอ้อมด้วย เนื่องจากรายได้บางส่วนจากที่นี่จะนำไปสนับสนุนศิริราชเดิมสำหรับผู้ป่วยยากไร้ด้วยค่ะ ส่วนค่าบริการก็ไม่ได้แพงกว่าเอกชนชื่อดัง บางทียังถูกกว่าด้วยซ้ำค่ะ แต่จะเข้าไปพบแพทย์ควรทำนัดก่อนล่วงหน้าเพราะอาจารย์หมอทุกท่านมีคิวอยู่แล้วค่ะ,5
เข้าใช้บริการที่นี้ตลอด เพราะรู้สึกว่าดูแลลูกค้าดี รวดเร็ว เป็นกันเอง มีการติดตามผู้ป่วยอย่างใกล้ชิด โทรแจ้งนัดหมายก่อนถึงวันเข้าพบแพทย์,5
เกิดนิ้วส้นเจ็บนิ้วโป้งและเนินนิ้วโป้งมากๆได้ไปพบแพทย์แผนไทยประยุกต์นวดให้ใช้แค่มือเปล่านวดภายในระยะเวลาแปปเดียวเท่่านั้นก็เบาขึ้นทันตาตอนนวดเสร็จใหม่ๆไม่จบเลยแต่พอทิ้งไว้ก็บรรเทาขึ้นกว่าตอนแรก ดีมากๆหมอมือเปล่าก็ช่วยเราได้,4
"ดิฉันพาลูกไปรักษาอาการท่อน้ำตาตัน และแพทย์แนะนำให้แยงท่อน้ำตา ดิฉันจึงตัดสินใจรักษาตามที่แพทย์แนะนำและพักรักษาตัวที่ร.พ.1 คืน วันรุ่งขึ้นรอคุยกับแพทย์ที่จะมาดูอาการ แต่สุดท้ายแพทย์ไม่ได้เข้ามาเพราะติด 130 คิวที่ศิริราช แต่แพทย์โทรเข้ามาสอบถามอาการและนัดดูอีกครั้งหนึ่ง ภาพรวมของการรักษาโดยแพทย์และดูแลโดยพยาบาลดีค่ะ พอถึงตอนจะกลับ ได้เอกสารสรุปค่าใช้จ่ายมาประมาณ46,000 บาท ตอนเกือบ 15:30 พอดีลูกมีประกัน 2 ที่ สักเกือบห้าโมง เจ้าหน้าที่การเงินแจ้งว่าเคลมประกันที่แรกไม่ทัน กำลังส่งให้ที่ที่ 2 พอหกโมงกว่า โทรไปสอบถาม จนท. บอกรอประกันอ่านเอกสาร สุดท้าย เกือบหนึ่งทุ่ม เคลมได้บริษัทเดียว เบ็จเสร็จเสียเวลากับการเงินไปเกือบ 4 ชั่วโมง และมีนัดเข้าไปเซ็นต์เอกสารภายหลังต่อ ทีแรกก็เข้าใจว่าจะส่งเบิกในส่วนที่ส่งประกัน บ.แรกไม่ทัน แต่พอไปถึง กลายเป็นเซ็นต์เอกสารของ บ.ประกัน ที่ยื่นเคลมไปแล้ว พร้อมกับเตรียมเอกสารที่เหลือให้ไปยื่นเคลมกับ บ. ประกันที่เคลมไม่ทันเอง เสียเวลามาก แต่ยังดี หลังจากนั้นมี ฝ่ายบริการลูกค้าโทรมาขอโทษและรับฟังปัญหา บอกจะแก้ไข ก็คงต้องดูกันต่อไปว่าจะแค่รับฟังหรือพัฒนาขึ้นรึเปล่าค่ะ",3
บริการดีมาก พยาบาลกับหมอก็พูดจาดี ไม่เหวี่ยง ยิ้มแย้มตลอด,5
ตรวจอย่างเจาะลึกตามที่หมอสงสัยทันทีไม่ปล่อยให้กินแต่ยารักษาอาการเท่านั้น เพื่อให้รู้ชัดถึงสิ่งที่เป็นทันที ประทับใจมากค่ะ,5
หมอมีประสบการณ์ รพ มีอปก การแพทย์ ใหม่,5
พาลูสาวมาตรวจด้วยอาการอาเจียนมาหลายครั้งจากอาหารเป็นพิษวันที่18มกราคม2560 เวลาตี2 น้องมีภาวะขาดน้ำ ไม่ปัสสาวะ จำเป็นต้องแอดมิทให้ยาและน้ำเกลือทดแทน กระบวนการขั้นตอนรวดเร็วดีมาค่ะ. คุณหมอน่ารัก. รู้สึกประทับใจมากค่ะ,5
บริการดีใส่ใจทุกรายละเอียดเรื่อง,5
เริ่มตั่งแต่เข้าที่จอดรถตอนรับบัตรด่านแรก พนักงานที่ทำหน้าทีตรงนร้สวัสดียกมือไหว้ ด่านต่อมาคือตอนจอดรถเจอเจ้าหน้าที่เรียกว่ารปภ จะมียื่นกระดาษที่เราจดรถแต่ไม่ได้มีทุกครั้งค่ะ และจะคอยดูเวลาเราจอดถอยเลี้ยวได้หรือเปล่า มาถึงด่านขึ้นลิฟท์ สะอาดไม่มีกลิ่นเหม็น ที่นี่การบริการดีเยี่ยมทุกอย่างค่ะ มีน้ำดื่มให้บริการก่อนมาพบแพทย์ทุกครั้งจะต้องมีการโทรคอมเฟริมแต้งนัดการตรวจแพทย์เวลาที่เราจะได้ตรวจ พยาบาลประจำเคาเตอร์มีหลายท่านค่ะ และจะดินมาหาคนไข้ถึงเก้าอี้ ถ้าคนไข้เยอะก้เดินออกไปหาที่ล๊อบบี้ด้านนอกค่ะ ตอนที่ชำระคิดเงินถ้าใช้เวลานานก้จะเอ่ยปากขอโทษเราตลอด ไม่มีหน้าหงิกหน้างอ ค่ายาไม่แพงอย่างที่คิดนะค่ะ เพราะรายได้ก้เอาไปสนับสนุนรพศิริราชอีกทีค่ะ ประทับการใช้บริการมากค่ะ,5
เป็นโรงพยาบาลที่ทันสมัย สถานที่สะอาด อุปกรณ์การแพทย์ใหม่และทันสมัย แพทย์เก่งเชี่ยวชาญเฉพาะทางหลากหลายสาขา ได้รับมาตรฐานสากล มารักษาที่นี่ ได้เป็นทั่งผู้ให้และผู้รับ แต่ระบบการบริการค่อนข้างช้า ยังด้อยกว่าเมื่อเทียบกับการบริการของโรงพยาบาลเอกชนอื่น เจ้าหน้าที่แบ่งหน้าที่กันอย่างชัดเจน ในบางทีต้องรอนานในการรับบริการเพราะมีเจ้าหน้าที่ทำหน้าที่นั่นๆจำกัดและคนอื่นก็ไม่สามารถทำงานนั้นแทนได้ ระบบบริการโดยรวมค่อนข้างเหมือนการบริการของโรงพยาบาลของรัฐแต่ค่าบริการระดับเอกชน,3
กระบวนการทำงานของโรงพยาบาลดีมากๆ คะ มีความสะดวก แทบจะไม่ต้องเดินเรื่องเอง เพราะพยาบาลดูแลให้หมด รอไม่นาน ส่วนตอนที่เข้าพบคุณหมอ อันนี้ประทับใจมากคะ คุณหมอให้คำแนะนำที่ดี อีกทั้งยังตอบคำถามที่เราคิดว่าน่าจะเกี่ยวกับอาการได้หายข้องใจ สรุปโดยภาพรวมประทับใจมาก เมื่อเทียบกับรพ.เอกชนที่เคยใช้บริการ,5
ดิฉันไปรักษาธัยรอยด์อักเสบ กับอาจารย์หมอ ธวัชชัย พีรพัฒน์ดิษฐ์ เป็นอาจารย์หมอเฉพาะทางดานต่อไร้ท้อ มากประสบการณ์ ให้คำแนะคำคนไข้ได้ชัดเจน ทำให้คนไข้คลายความกังวล ด้านการพยาบาล ดูแลคนไข้อย่างดี พูดจาสุภาพ กิริยามารยาทดี แต่งกายแบบฟอร์มเนี๊ยบ ด้านการเงินกับจ่ายยา พนักงานพูดจาสุภาพ สถานที่ รพ. ดูสะอาด โอ่งโทง มีร้านค้าใน รพ. ให้สามารถรับประทานอาหารระหว่างรอพบแพทย์ เรียกว่าครบวงจรเลยค่ะ โดยรวมเพิ่งไปหาครังแรกประทับใจมากๆค่ะ,5
ตอนลูกดิฉันอายุ8เดือน ลูกดิฉันไข้ขึ้นสูง มีอาการหายใจติดขัด ตอนนั้นเวลาประมาณตี3 ฉันจึงรีบพาลูกไปที่โรงพยาบาล ตอนนั้นลูกดิฉันเข้าห้องฉุกเฉิน พยาบาลทุกคนที่อยู่ตรงนั้นรีบเข้ามาดูแลลูกดิฉัน แล้วรีบตามหมอเด็กมาดูอาการ ซึ่งดิฉันประทับใจการบริการที่รวดเร็วมากแล้วยังมีหมอเฉพาะอีกด้วย พอเราทราบว่าหมอที่รักษาเป็นหมอเด็กเราดีใจมากเพราะหมอจะมีวิธีที่ทำให้ลุกเราไม่เจ็บมาก ตอนนั้นประทับใจมากที่บริการรวดเร็วไม่ต้องนั่งรอหมอเพราะเวลาเด็กเป็นอะไรเขายังสื่อสารกับเราไม่ได้มากพอมาเจอหมอกับพยาบาลที่เป็นห่วงคนไข้เราก็ประทับมากเลยค่ะ,5
เวชระเบียน การบริการที่รวดเร็ว กระชับกับเวลาที่ให้คนไข้ไปแผนกตรวจได้เร็วขึ้น ที่สำคัญคือคุณสามารถขอคิวตรวจคนไข้นอกได้ขณะติดต่อ call center โดยที่เราไม่ต้องเสียเวลาโดนทางไปจองเอง,4
พยาบาลดูแลดี คุณหมอใส่ใจคนไข้ ได้รับการต้อนรับดีตั้งแต่มาถึง พยาบาลคอยถาม เครื่องมือทันสมัย คุณหมอเก่งมากคะ,5
"เริ่มต้นมาจากที่ค้นหาข้อมูลเกี่ยวกับการทำเลเซอร์กระ และรอยดำจากสิว จนได้มาเจอ รพ.นี้ เลยลองเข้าไปปรึกษาดูที่ศูนย์ผิวหนัง ในศูนย์คนไม่ค่อยเยอะเท่าไหร่ คุณหมอก็ให้คำแนะนำว่าต้องรักษาอย่างไรบ้าง เพราะราคาทำเลอเซอร์ค่อนข้างสูง แต่รวมๆ ค่ายาไม่ได้แพงมาก ปกติเหมือนโรงพยาบาลอื่นๆ ทั่วไป แพงตรงค่าวิชาชีพหมอนี่แหละ (เป็นกึ่งเอกชน หรือเอกชนเต็มตัวก็ไม่แน่ใจ) แต่คุณหมอก็ไม่ได้ขายคอร์ส เหมือนอยางที่เคยไปรักษาที่อื่นๆ ทั้งยังบอกว่าถ้าต้องเจอแดดเยอะๆ หรือไปเที่ยวกลางแจ้ง ก็ยังไม่แนะนำให้ทำเลเซอร์ เสียดายเงินเปล่าๆ เพราะมันจะทำให้กระ มีสีดำชัดขึ้น และหายยาก ให้ครีมมาทาไปก่อน ถ้าเมื่อไหร่ที่พร้อมไม่ต้องเจอแสงแดดเยอะ ค่อยมาทำเลเซอร์ คุณหมอจะนัด follow up อาการ ทุกเดือนหรือแล้วแต่เราสะดวก หลังจากที่ได้รักษากับที่นี่มาประมาณ 3 เดือน รู้สึกว่าผิวหน้าดีขึ้น แข็งแรงขึ้น สิวไม่ค่อยขึ้นแล้ว ยกเว้นช่วงมีประจำเดือน (แต่ยังไม่ได้เลเซอร์กระ และมีสิวขึ้นอยู่บ้าง หน้าเลยยังไม่ใสมาก) รพ. มีความสะอาด และดูดี การบริการจากพนง. หรือพยาบาล เป็นมาตรฐานเหมือนเดิมทุกครั้งที่ไป จะถามนามสกุลทุกๆ ครั้ง ในทุกขั้นตอน ตั้งแต่เรียกชื่อซักประวัติ วัดความดัน เรียกพบหมอ จ่ายเงิน และรับยา หากใครอยู่ใกล้ หรือสนใจ อยากให้ลองไปที่นี่ดู อยู่หลังรพ.ศิริราช เพราะไม่ได้มีแค่ศูนย์ผิวหนังอย่างเดียว ยังมีศูนย์โรคภูมิแพ้ , มะเร็ง , ศูนย์เด็ก เป็นต้น",4
ไม่มีเส้นก็เข้ายากชักหน่อยคนจนจริงๆเข้ายากส่วนมากคนใต้ใช้เยอะ,1
ก้อดูแลดีนร๊,4
เก่งมากเลย,3
บริการดีค่ะ คุณหมอเก่งมากค่ะ พยาบาลเอาใจใส่ค่ะ พูดเพราะด้วยค่ะ,5
บริการดีมากๆๆเลย ดีแล้วบอกต่อลองมารับการรักษาดู,5
เครื่องมือ ห้องพัก ห้องผ่าตัด สถานที่ดี ใหม่ สะอาด และทันสมัยมาก อาจารย์หมอ พยาบาล เจ้าหน้าที่ ดูแลเอาใจใส่ดีมากๆ เป็นการผ่าตัดครั้งแรก แต่บรรยากาศและคนรอบข้างทำให้เราไม่เครียดเลย เจ้าหน้าที่ดูแลตลอด ราคาก็เท่าเอกชนทั่วๆไป ไม่ได้แพงแบบที่เค้าพูดๆกัน ประทับใจมากกกกกกกก ❤️❤️❤️,5
ดีค่ะเป็นอีกทางเลือก,5
เป็นโรงพยาบาลใหม่ในรูปแบบเอกชน คุณหมอใส่ใจคนไข้ดีมากค่ะ,5
บริการประทับใจ,5
สวยดี,3
อาม่าก็รักษาที่นี่ตั้งแต่เริ่มเปิดค่ะ คุณหมอใจดี จากคนไข้ มีไม่กี่คนในวันเริ่มเปิด แต่ปัจจุบันนี้คนไข้เยอะมากๆค่ะ,5
ชื่นชอบพญาบาลบริการดีค่ะ แต่รอนานไปหน่อยช่วงพบหมอ,4
สถานที่การรักษาคนไข้เยอะมากที่สุด,5
รักษาดีมากๆสมกับราคา,5
ดีมากทุกอย่าง,5
อาจารย์หมอที่นี่เก่งเชี่ยวชาญเฉพาะทางจริงๆค่ะ,5
คุงหมอ ธาราพงษ์ ประจงค์กิจ แพทย์เด็ก เป็นแพทย์ที่ดีที่สุดในสามโลก ให้คำปรึกษาในการเลี้ยงและดูแลลูก เข้าใจหัวอกพ่อแม่ รักษาก็ดี มารยาทก็ดี ไม่เหมือนคุงหมอบ้างคนเห็นพ่อแม่เด็กยังวัยรุ่นอยู่ก็พูดจาด้วยไม่ดี แต่ถ้าพ่อแม่เด็กที่มีอายุจะพูดจาดีกว่า เลือกปฎิบัติ สุดท้าย ถ้ารพ.ศิริราชมีคุงหมอเหมือน หมอธาราพงษ์ ประจงค์กิจ จะดึมากค่ะ,5
กำลัวเขัารับการรักษานิ้วล็อกอยู่ ติดตามอาการอยู่ค่ะ,4
พยาบาลห้องเจาะเลือด 2 ตึกเจ้าฟ้า พูดจาไม่ดีเลยค่ะ ทำหน้าตากวนตีนด้วย มารักษานี่เสียเงินน่ะค่ะไม่ได้มาฟรี !!!!!,1
สงสัยค่ะว่า เป็นเอกชนหรือรัฐบาล คะ และรักษาโรคไรบ้าง จะใช้บริการได้อย่างไร,2
คุณหมอดูแลดีค่ะ,1
ไม่เคยใช้บริการค่ะ..แต่ถ้าศิริราชล่ะก็เยี่ยม,5
หากใครพอมีกำลังทรัพย์อยากให้มารักษากันที่นี่ให้เยอะๆนะคะ เพราะจะได้เป็นการช่วยเหลือโรงพยาบาลศิริราชอีกทางหนึ่ง ส่วนตัวเองตอนนี้ก็รักษาอยู่ที่โรงพยาบาลศิริราชปิยมหาราชการุณย์เหมือนกันคะ บอกได้เลยคะว่าบริการดีมากคุณหมอก็เก่งมากและใจดีด้วยคะ มามีส่วนร่วมเป็นผู้ให้กันนะคะ,5
ไม่สบายมาตรวจปวดท้องมาเจ้าที่แจ้งผู้ป่วยให้เดินลงไปเอารถเข็นที่ชั้นลงบริการแย่มาก,1
วันที่ 21 /7/57 เพิ่งไปครั้งแรกไม่รู้อะรัยเลย เปนสิทธิประกันสังคม คณะแพทย์ พูดดีกับคนไข้ ให้คำปรึกษาดีมาก แต่พนักงานที่เรียกวัดความดัน พูดไม่เพราะ ตะคอกใส่,5
วันนี้โทรติดต่อเจ้าหน้าที่ของโรงพยาบาลเพื่อทำการนัดหมายให้กับคนไข้ แต่ตารางคุณหมอเต็มไป 2 เดือน ขอให้คำแนะนำเพิ่มได้มัยคะ เนื่องจากบางครั้งการจองเวลาคุณหมอเต็ม แต่สุดท้ายคนไข้มีการ cancel แล้วคิวคุณหมอว่าง จะดีกว่าไหมคะ ให้มีบริการแจ้งกลับผู้ที่ต้องการพบคุณหมอ หรือ Waiting List โทรกลับหาคนไข้รายที่อยู่ใน List เป็น 1 ในการบริการที่บำรุงราษฎร์มี ข้อดี คือ คนไข้ได้พบคุณหมอ จัดเวลาได้ง่ายขึ้น เพราะบางท่านมีตารางที่แน่น อาจจะไม่ตรงกับคุณหมอ แล้วจะนัดรักษาได้อย่างไร รบกวนแก้ไขด้วยคะ แม้คำพูดของเจ้าหน้าที่จะสุภาพ แต่กลับทำให้รู้สึกว่าทำไมถึงไม่แคร์คนไข้กันเลยคะ แก้ไขด่วนเลยนะคะ เพราะดีใจที่มีโรงพยาบาล concept ดี ๆ แบบนี้ แต่ถ้าปรับปรุงตรงนี้ ทางโรงพยาบาลก็ยังรักษาลูกค้าไว้ได้คะ ขอบคุณคะ,3
เป็นที่นิยม,4
ดีๆๆๆ ค่ะ อยากเขิญชวนกันมาบริจาคเลือด เป้นสิ่งที่ดี เพื่อคนอื่น และ ตนเองงงว,5
เป็นโรงพยาบาลที่ดีเยี่ยมมากจริงๆบริการดีต้อนรับเยี่ยมพูดจาไพเราะแต่ก็มีบ้างจุดที่ยังพูดไม่ดีสถานที่สะอาดโดยรวมยอดเยี่ยมค่ะ!!,5
ดูแลดีมากค่ะ ญาติมารักษาที่นี่ คุณหมอเก่ง และบริการของทุกแผนกที่เราได้สัมผัสมา โดยรวมบริการดีมากค่ะ ชื่นชมเลย^^,5
เจ้าหน้าบางคนก็ดีนะคะ แต่!!กับบางคนสิ คุณไม่มีใจบริการเลยคะ สำรวจตัวคุณด้วยนะคะ อธิบายให้ญาติเข้าใจ กับระเบียงของ รพ.คุณ ไม่ใช่พูดไม่คิดแบบนี้,5
ดีเยี่ยมทุกอย่าง สมราคา,5
ใครจะรู้ ว่าต้องจองห้องพัก ก่อนรักษา ถ้าไม่บอกอะค่ะ ไม่ได้ป่วยเป็นอาชีพ,2
มาหาหมอที่นี่สองครั้ง ประทับใจทุกด้าน การให้บริการไม่ต่างจาก รพ.เอกชนอื่นๆ ทั่วไป ^ - ^,5
ที่นั่งไม่พอ ยืนเมื่อย เจ้าหน้าที่น่ารัก จบปื้ง,5
ข้อดีหลายๆอย่างข้อเสียคือคนเยอะมากหาที่จอดรถลำบากหน่อยถ้ามาถึงสาย,5
ระบบดีมาก,5
ดีมากๆ,5
คุณหมอพยาบาลทุกท่านน่ารักมากค่ะ,3
เยี่ยมมากๆๆๆๆ,5
ดีคะแต่แพงไปหนอ่ย,3
เจ้าหน้าที่ทุกท่านบริการดีมากค่ะ,5
สถานที่โอ่โถงมีบริการครบวงจร ดีที่สุดย่านฝั่งธนฯครับ,5
บริการและการรักษาดีมากๆ,5
ดีมากครับ บริการดี ทุกจุดที่ให้บริการ ผู้มาใช้บริการไม่แออัด ค่าใช้จ่ายไม่แพง สรุปถูกใจมากๆ เสียดายเพิ่งทราบว่ามีโรงพยาบาล. ที่รักษาในลักษณะบริการอย่างนี้,3
เต็มค่ะ เต็ม เต็ม อ.หมอคิวเต็มค่ะ เต็ม ได้โปรดการุณย์เถอะ เต็มค่ะ.เต็ม.#,2
ผมอยากรู้ว่าถ้าผ่าเข่าจะใช้เงินประมาณเท่าไรคับ,5
ระบบการจัดการแย่มาก มีนัดหมอบ่าย 3โมง 6โมงยังไม่ได้ตรวจเลย และยังให้รอต่อไปเรื่อยๆบอกว่ายังไม่ถึงคิว แล้วจะนัดทำไมคะ,1
รพ ของรัฐ เมื่อเทียบกับเอกชนแล้วขอหมอและพยาบาลมีใจรักคนไข้เช่นเอกชนจะดีมาก,4
เจ้าหน้าที่ทุกๆคนที่ศิริราช ให้บริการและเอาใจใส่คนไข้ทุกคน เป็นอย่างดีด้วยใจ เอาไปเลย5ดาว,5
เป็นธรรมดาของโรงบาลทุกโรคบาลนั้นและจ้า,5
เยี่ยมจริงๆ,5
มาพบม่าม้า ท่านมาผ่าเข่า มากายภาพบำบัด ที่นี่ห้องพักa แพทย พยาบาล ดี,4
มาพบม่าม้า ท่านมาผ่าเข่า มากายภาพบำบัด ที่นี่ห้องพักa แพทย พยาบาล ดี,4
ผมเคย..บริจาคร่างกายไว้กับทาง ร.พ เมื่อสิบกว่าปีที่แล้ว ทาง ร.พ มีบัตรแผ่นเล็กๆ..ไว้ให้ผม.มีเบอร์โทรติดต่อ..กับทาง ร.พ แต่ตอนนี้เบอร์ที่ให้มามันติดต่อไม่ได้แล้ว..ผมต้องทำยังไงคับ...ช่วยตอบกลับผมด้วยคับ..ขอบคุณคับ,4
หมอเก่งมากครับ,5
เป็นโรงบาลที่ดีที่สุดอีกหนึ่งแห่งของประเทศไทย,5
ค่าที่จอดรถแพงไป นอกนั้นดีทุกอย่าง,4
ผมพาภรรยาไปรักษาก็ ดีนะครับ,4
ขอบคุณอาจารย์หมอ ธีรวิทย์ พันธ์ชัยเพ็ชร และทีมแพทย์พยาบาลทุกๆท่านด้วยครับน่ารักและเป็นกันเองทุกคน ทั้งการรักษา และคำแนะนำทุกๆอย่างที่ดี ขอบคุณจากใจครับ,5
ถูกมากๆ,5
เรียกว่าเป็นสถานที่ที่มีความหมายกับชีวิตผมอีกหนึ่งที่ครับ ขอขอบคุณ ทีมแพทและ อาจารย์นายแพท สมชายมากๆรับที่ผ่าตัดผมให้มีชีวิตอยู่มาได้ถึง28ปีจากวันนั้นถึงวันนี้ไม่เคยลืมครับ,5
สถานที่ดูดี หรูหรา สะอาดเป็นระเบียบมาก ให้บริการดีประทับใจมากค่ะ น่าไปใช้บริการอีกถ้ามีโอกาส,5
รพ นี้ดีมากดูแลผู้ป่วยได้ดีทั้วคุณหมอและพยาบาล ประทับใจมากคะ,5
พาลูกสาวมารักษาโรคหัวใจเหมือนกันค่ะ,4
ได้ดั่งใจเลยครับ,5
โรงพยาบาลศิริราชปิยมหาราชการุณย์เป็นโรงพยาบางที่ใหญ่และทันสมัยมาก เทคโนโลยีนำสมัย,5
เป็น รพ .. ในรูปแบบเอกชนแห่งใหม่ ในย่านฝั่งธน มีสิ่ง อำนวยความสะดวก ครบวงจร หรูหรา นึกว่า โรงแรม 5 ดาว เลยค่ะ,5
เป็น ร พ ที่เครืองมือทันสมัยมาก แต่ก็แพงมากด้วย,2
เชื่อมั่นในการดูแลรักษาของคณะแพทย์และพยาบาลขอบคุณมากน่ะค่ะ,5
เยี่ยมมาก,5
ดีมากเพราะเกิดที่นั่นดีมากมากเลย,5
เป็นโรงพยาบาลทางการแพทย์ที่เป็นเลิศ ที่มีคนศรัธามากที่สุดในประเทศไทย (เป็นโรงพยาบาลเอกซนของรัฐ),5
เป็นโรงพยาบาลที่ดีมากคะ เคยเข้ารับการผ่าตัดก้อนเนื้อที่เท้า ได้ คุณหมอศัลยกรรมระดับอาจารย์แพทย์ คุณหมอ ธีรยุทธ กนกรัตนา คุณหมอเก่ง สุภาพ ตอบทุกคำถามที่เราสงสัย มีอยู่ครั้งนึงเราโทรไปปรึกษาเรื่องแผลผ่าตัด คุณหมอก็ใจดีโทรกลับมาหาเรา ทั้งๆที่มีคนไข้รอตรวจกับคุณหมอหลายคน ขอชื่นชมในความเอาใจใส่ ดูแล และไม่ละเลยความรู้สึกของคนไข้ ระหว่างที่รักษาแผลผ่าตัดคุณหมอก็พูดให้กำลังใจเราตลอด รู้สึกประทับใจมากค่ะ ขอบคุณคุณหมอที่เข้ามาช่วยดูแลในช่วงเวลาที่ต้องลำบากที่สุดช่วงหนึ่งของชีวิตค่ะ,5
บริการดีน่าประทับใจที่สุดค่ะ. '),5
การบริการของทั้งหมอและพยาบาลยังแย่มากค่ะ ขาด service mind อย่างมาก ทั้ง ๆ ที่ราคาแพงพอ ๆ กับเอกชนแล้ว แต่การบริการของพนักงานยังทำตัวเหมือนราชการอยู่อีก ช่วฝึกอบรมพนักงานด้วยนะคะ เสียเงินไม่เท่าไหร่แต่เสียความรู้สึกนี่สิคะ,1
ไปหลายครั้ง ติดต่อเกือบทุกเดือน ประทับใจมาก การบริการ คำแนะนำ แม้แต่ คุนหมอ ให้คำปรึกษาแระรักษาดี ตรงกับที่เรามีอาการ. สะอาด ทุกอย่าง ประทับใจคะ,5
"ช้ามากๆๆๆๆมากถึงมากที่สุดเลยค่ะ ไม่ว่าระบบใหม่หรือเก่า คนไข้รอจนหายป่วยแล้วกลับบ้านเองได้แล้วค่ะ...บางทีนัดเวลาแล้ว ก็ต้องรอเกินกว่า 2 ชม. ทั้งที่นัดเวลาเอาไว้แล้ว เจอหมอจริงๆแค่ 3 นาที มานั่งรอจ่ายเงินรับยาอีก 1 ชม. ++,,,,,,,,ทำอย่างไรให้รวดเร็วขึ้นได้ไหมคะ สุขภาพเรื่องสำคัญ ความเจ็บป่วยควรได้รับ response ที่ไวที่สุดค่พ",2
ห่วยมาก คนจนไม่มีสิทธิ์เลยเตียงนอนก้ไม่มีทำเหมือนคนไข้อนาถา,1
ได้ไปรับการรักษาออร์โธปิดิกส์ ของคณะแพทยศาสตร์ ศิริราชพยาบาล มา ขอบอกว่าประทับใจทั้งคุณหมอและพยาบาลมากๆค่ะ,5
บริการดีมาก คุณหมอก็ระดับอาจารย์,5
ได้ไปทำการตรวจเมื่อวาน15 กย 2557 ประทับใจในคุณภาพและการบริการของที่นี่ ไปทำการตรวจคลื่นไฟฟ้าหัวใจ เอ๊กซเรย์ปอด เดินบนสายพานเพื่อเช็คการเต้นหัวใจและหลอดเลือดหัวใจ ราคาสมเหตุสมผล ไม่แพงอย่างที่คิด พยาบาลดูแลดีพูดจาดี คุณหมอใจดี ตัวโรงพยาบาลทันสมัยมาก ไปทำบัตรครั้งแรกจะมีนางพยาบาลมาถามอาการที่ เราเป็นก่อนจะวินิจฉัยขั้นต้้นก่อนแล้วถึงจะพอไปพบแพทย์ สิ่งอำนวยความสะดวกในโรงพยาบาลครบครัน มีร้านอาหาร ส่วนตัวให้5ดาว สำหรับที่นี่ ขอให้รักษาคุณภาพการให้บริการทุกอย่างให้คงเดิมแบบนี้ตลอดไปนะคะ,5
พยาบาลนิสัยไม่โอเคเลยอะ. เห็นพยาบาลเดินมา2คน แบบยิ้มแย้ม พอบอกว่าขอโทษนะคะ ห้องนี้ไปทางไหนคะ เท่านั้นแหละ ชักสีหน้า แล้วทำท่าไม่พอใจ ละบอกนู่น ละก้เดินไป คือไม่ไหวอะ,2
รบกวนปรึกษาการตรวจคัดกรองเด็กที่มีความบกพร่องด้านการเรียนรู้และพฤติกรรมก้าวร้าว สมาธิสั้น อยากจะนำเด็กที่มีปัญหามาคัดกรองที่โรงพยาลต้องติดต่อฝ่ายไหนค่ะ,5
การบริการและการเอาใจใส่คนไข้ดีมาก แต่ราคาก้อแพงนิดนึง^^,4
สถานทีดูดีมากเรย,1
บริการดีน่ะค่าพอดีไปรักษาที่นี้ตลอด,4
ดีที่สุดค่ะ,5
บรีการดีแต่หาที่จอดรถยากมาก,5
เราดีใจมากที่เราได้เกิดที่โรงพยาบารศิริราชเพราะเจอหมอเก่งๆครับ,5
ดีคับ,5
"เนื่องจากกระผมได้มาตรวจชิ้นเนื้อต่อมน้ำเหลืองกับหมอพงษ์เทพ พิศ่ลธุระ วันที่ 15/7/57. นัดมาฟังผลครั้งที่1 วันที่ 22/7/57 โรงพยาบาลไม่มีรายงานตามที่นัดไว้. และนัดครั้งที่2 วันที่ 25/7/57 ก็ไม่มีรายงานตามที่นัดไว้อีก. ซึ่งกระผมได้เสียค่าใช้จ่ายในการเดินทางและที่พัก ต่อครั้งๆละ 5,000 บาท กระผมอยากทราบว่า หน่วยงานไหนรับผิดชอบเรื่องนี้คับ. การนัดคนไข้ควรจะมีผู้รับผิดชอบ. จึงเรียนมาเพื่อให้โรงพยาบาลพิจารณาปรับปรุงการทำงานด้วยคับ",2
บริการดีเลิศเลยค่ะ ชอบในความใส่ใจของเจ้าหน้าที่ทุกฝ่ายเลย,5
บริการดีมากๆตั้งแค่คนแจกบัตรจอดรถเลยอ่ะ แถมขึ้นมากี่ชั้น เจอ รปภ. ต่างยกมือไหว้ลูกค้าทุกคน พยาบาลก็ดูแลอย่างดี พูดจานุ่มนวลทุกคน คือโอเคทุกอย่างอ่ะ ถึงจะแพงไปนิดแต่ก็ยอมอ่ะ เพราะประทับใจมากๆ,5
เป็นบางแผนดที่ต้องปรับปรุง ในด่านบริการ และอำนวยความสดวก,3
ควรไปที่อื่น ผมมาครั้งแรก และจะเป็นครั้งสุดท้าย บริการช้า อย่างกับ รพ รัฐ จบ,1
การบริการของพยาบาลบางคนยังเฮงซวย รพ.แห่งชาติไม่น่ามีพยาบาลแย่ๆอยู่ ไม่น่าใช้คำว่านางพยาบาลคู่กับสันดานมึงเลย,2
วันนี้ได้มีอาการไม่สบายจึงได้เดินทางไปหาหมอ แต่ทางโรงพยาบาลกับไม่รับรักษาด้วยเหตุผลที่ว่า........ .......... ทางโรงพยาบาลรับรักษาเฉพาะคนไข้ที่มีการนัดหมายล่วงหน้าไว้เท่านั้น เนื่องจากทางโรงพยาบาลอยู่ระหว่างการเปลี่ยนระบบคอมฯใหม่ทำให้ระบบช้ามาก ...... นี่คือเหตุผลที่สมควรหรือไม่? ทำไมคุณไม่มีการทดสอบระบบให้มันมีความเสถียรก่อนที่คุณจะนำมาใช้,1
ผมเป็นโรคหัวใจรักษาตัวมาปีกว่าประทับใจและสุขภาพผมดีขึ้นมากๆครับ,5
คิดว่าอยู่รร.ห้าดาวค่ะ สะดวกสบาย ให้บริการสมกับสถานที่ค่ะ,5
อยากจะบอกว่าระบบทั้งหมอและพยาบาลแย่ค่ะตั้งแต่คลอดลูกมาตอนนี้ลูกอายุได้4เดือนมีปัญหามาตลอดเกี่ยวกับการรักษา ไม่เคยทราบเลยว่าลูกเป็นโรคอะไรแต่ พยาบาลที่ตึก72ปีชั้น8ตะวันออก เราถามเขาว่าลูกเราเป็นอะไรกันแน่ทำไมถึงถ่ายอุจระเองไม่ได้กินนมทางปากไม่ได้ทำไมต้องให้ทางสายยางสวนอุจระทางก้นมา3เดือนแล้ว,2
ตั้งแต่ลงทะเบียน..ตรวจวัดชีพจร..ชั่งน้ำหนัก..จัดคิว..ตรวจ..พยาบาล..หมอ..การเงิน..เภสัช..ยาม..ร้านอาหาร..สถานที่...ค่ารักษา..ขอเพิ่มอีกดาว..เป็นหกดาว..,5
ดีมาก,5
โรงพยาบาลที่เป็นเลิศทางการแพทย์,5
ร.พ.ศิรินาช ดีเยี่ยมสะอาดคุณหมอ เจ้าหน้าที่ ให้คำแนะนำทีาดีค่ะ,5
วันนี้ผมตั้งใจมากจะไปบริจาคเลือดแต่เจ้าหน้าที่ไม่ให้บริจาคอีกเลยเพราะ ผมมีรสนิยม เพศเดียวกัน และทางเจ้าหน้าที่แจ้งว่าทาง รพ. ไม่มีน้ำยาที่จะหาค่าวัดเชื้อได้ เออ. รพ.นี้ได้มาตรฐานจริงหรือ,1
ห่วยมากค่ะ วันนี้มารอระบบอะไรไม่รู้หาหมอเสร็จตอนทุ่มนางพยาบาลเอาเอกสารไปการเงินไม่แจ้ง. การเงินคิดเงินเป็นชั่วโมง. ถ้าเป็นคลีนิคนอกระบบที่จ่ายแพง ควรมีบริการที่แพงตามเงินที่คนมาหาจ่ายด้วย แย่มาก,1
มีคุณภาพ^^,5
ช้ามาก เข้าใจว่าคนเยอะมาก แต่บางทีก็เกินไป เรายอมที่จะเสียค่าใช้จ่ายแพงกว่าที่อื่นด้วยความที่คิดว่าจะได้บริการที่ดี บริการดีนะทุกอย่าง ยกเว้นแต่เรื่องเวลา ไม่เข้าใจว่าทำไมถึงได้ช้าขนาดนี้ หาหมอทีใช้เวลา1วันเต็มไม่ต้องทำไรกันเลย,1
ดีมากที่สุด,5
โรงพยาบาลสวยค่ะแต่หมอยังไม่พร้อมค่ะคนไข้เกิด accident ขึ้นมาไม่มีหมอมาช่วยเลยค่ะเหตุเกิดกับคุณพ่อดิฉันเองโชคดีที่คุณพ่อดิฉันแข็งแรงสุดท้ายก็พึ่งคุณหมอที่เป็นญาติกันช่วยโทรศัพท์เรียกหมอที่เป็นเพื่อนกันมาช่วย,1
ถ้ารักษาที่ปิยะมหาราชแล้วแสตมบัตรจอดที่แคชเชียร์จอดฟรีครับแต่ถ้ารักษาที่ศิริราชแล้วจอดที่ตึกปิยะมหาราชเสียเงินครับแพงด้วย ที่นี่จะรออ.หมอนานนิดนึงครับ(บางครั้ง)ผมว่าอาจจะเป็นเพราะท่านติดเคสที่ศิริราชแต่เท่าที่ผมทราบอ.หมอที่ลงตรวจที่นี่จะบริจาคเงินไม่แน่ใจว่าบางส่วนหรือทั้งหมดของค่าหมอให้กับศิริราชครับ,5
สวัสดีค่ะดิฉันเป็นเนื้องอกที่สมอง รับการผ่าตัดที่โรงพยาบาลศิริราชแล้ว แต่หลังจากการผ่าตัดดิฉันไม่ได้ไปรับการรักษาต่อเพราะมีเหตุผลส่วนตัว ตอนนี้ดิฉันต้องการเข้ารับการรักษาใหม่ จะมีปัญหาอะไรไหมค่ะ ช่วยตอบหน่อยได้ไหมค่ะ,5
ดีๆครับบริการดีครับ,5
ช้ามาก,3
เจ้าหน้าทีคุณหมอคุณพยาบาลให้บริการกับคนไข้ได้ยอดเยี่ยม ขอบคุณจริงๆๆจากใจคะ,5
บริการดีเยี่ยมเลยสถานที่กว้างขวางไม่คอยนานสะดวกสบายดีค่ะ,5
รูสึกเซงมากๆๆกะการมานั่งคอยตั้งแต่ 6 โมงนี้ก็ จะบ่าย 3 แล้ว ขนาดเป็นคลีนิกพิเศษนะถ้าเป็นคลีนิกธรรมดาคงลาโลกใบนี้ไปแล้ว,5
ดีมากคับรักษาอยู่,5
อยากรุัว่าจะเอายาที่ฝังออกเสียค่าใช้จ่ายรึเปล่าคะ ยาคุมแบบฝังคะ,3
ใหญ่มากคะสะอาดบริการดีมากนี่เปิดแค่60เปอร์เซ็นต์เองนะนางพยาบาลก็ยิ้มตลอดเอาไปเลยคะ5ดาว,5
ได้รับการบริการที่เป็นเลิศ,5
"บริการประทับใจมากครับ ตั้งแต่รปภ.,พยาบาลและแพทย์ ให้ความเอาใจใส่ผู้ใช้บริหารดีเยี่ยมมากครับ พยาบาลเข้ามาสอบถามอาการถึงที่นั่งพักรอคิว. สอบถามละเอียดพูดจาเป็นกันเองมากครับ.คุณหมอก้อเป็นกันเอง อธิบายความอย่างเข้าใจความง่ายครับ แนะนำการตรวจและรักษาแบบเอาใจใสดีเยี่ยมครับ. สมกับ 5 ดาวและที่สำคัญราคาไม่แพงอย่างที่คิดครับ!!!",1
พยาบาลน่ารัก ..เอ้ย !!!!! การบริการเป็นที่ประทับใจ,5
สุดยอด,5
รพ.บริการกันเองออบอุ่นเหมือนบ้าน หรู ใหม่ สะอาด รวมแล้วดีมากค่าาา,5
สถานที่ดี บริการดีมาก บุคลากรดี ระบบยอดเยี่ยม มีโอกาสมาใช้บริการนะครับ ถือว่าช่วยสนับสนุนโรงพยาบาลของหลวงด้วยครับ,5
เคยเจอ พยาบาลบางคน (ย้ำ บางคน)ที่แผนกอายุรกรรม บริการแย่และ มารยาท แย่ มากแต่โดยรวมดีมากครับ,5
มาตรฐานการให้บริการของพนง.ที่รพ.นี้ วัดจากการแต่งตัวของลูกค้าเหรอค่ะ???,1
น่าลองใช้บริการดูค่ะเห็นเขาว่าดีและรวดเร็วแต่จะแพงเปล่าต้องคอยติดตาม,5
ไปรับการรักษาเรี่องหู การได้ยินมาครับ คุณหมออธิบายอาการ สาเหตุการเกิดอาการ และการรักษาได้ละเอียดมาก พยาบาลดูแลดีครับ ค่ารักษาไม่แพงอย่างทีลือกัน ผมว่าถูกกว่า รพ. เอกชนบางแห่งเสียอีกครับ,5
ตามจริๆ,1
พาแฟนมารักษาประทับใจมากกับการบริ การของพนักงาน พยาบาล และแพทย์ ที่ทำการรักษา,5
สุดยอดค่าบริการ,5
พาลูกสาวมาตรวจสุขภาพ,5
มีแพทย์เชี่ยวชาญทุกโรค มาแล้วหาย,5
รอช้ามากหมอก้อเหวี่ยง,1
สวย,5
มาตั้งแต่บ่ายคะ เราก็เข้าใจว่าคนเยอะแต่กับการที่เราแค่เดินไปถามว่าถึงคิวไหนแล้วคะ เรากลัวเรียกชื่อไปตอนเราไม่อยู่ แต่พยาบาลกับชักสีหน้าและตอบกลับมาว่าอะไร ? บริการแย่จริงๆ ทั้งคำพูดสีหน้าการกระทำ ควรปรับปรุงหน่อยนะคะมันจะดีกว่านี้,2
บริการผู้ป่วยดีมาก,5
ดีครับ.............................................................,4
แจ้งเวลาพบแพทย์ 11.50น. แต่เวลาล่วงเลยไป 13.30 น.ยังไม่ได้เจอหน้าคุณหมอเลยค่ะ รอบนี้ก้อเลยไม่รุ้ว่าจะเป็นที่อารัย ครั้งแรก 16 กค.เปลี่ยนแปลงระบบ รอบสองนี้ไม่รู้ว่าเปลี่ยนอะไร,1
เท่าทีไป2ครั้งก้อOK นะ,3
ดีค่ะ,5
เอาไป5ดาวเลยคับ,5
ขอบคุณสำหรับการรักษาที่มีมาตรฐานสูง,5
ดีมากเข้าไปนึกว่าโรงแรม5ดาวลืมความทุกข์ไปชั่วขณะคุณหมอทุกคนเก่งมากเหมื่อนอย่างหมอเทวดาพี่สาว3วันกลับบ้านได้หลานสาวแค่ฟังเสียงหายใจรุ้เรื่องกันไปเลยกำลังคิดว่าถ้าพีน้องป่วยก็จะไปอยุ่ที่นี่กันหมด,5
หมอเก่ง,5
ก็ดีครับ,3
ลูกสาวรักษาอยู่ที่ศิริราช ลูกสาวไม่มีรูทราว คุณหมอรักษาดีมากค่ะ อยู่ตึก72ปี ค่ะ,5
บริการดีครับรวดร็วทันใจใม่ต้องรอนานสถานที่สวยงาม,4
ไปใช้บริการแผนกศูนย์กระดูกมาคะเจ้าหน้าที่แนะแนวถามละเอียดดีคะหมอที่แผนกที่รักษาเส้นเอ็นฉีกผ่าตัดมาก็ดีขึ้นหายเจ็บ,3
ผ่าตัดไหล่ที่นี่บริการดีคับ ราคา ถูกกว่าเอกชนทั้วไปนะคับ,4
พาแฟนมาตรวจหู ลงทะเบียนเสจ7โมงเช้า นี่บ่าย 3ยังไม่ได้ตรวจเรย หมอเข้าๆออกๆนอกห้อง สุดท้ายหมอหาย เหลือหมอตรวจเพียง 1คน คนไข้ยังรอหลายคน มีพยายาลมาบอก ให้มารออีกทีบ่าย 2 ไปกินข้าวก่อน กินข้าวเสจ ยังรออีก แต่คนไข้ลดลงแล้ว ทั้งๆที่มาเช้านะ แต่ทำไมดูเหมือน คิวสุดท้าย ไม่ทราบว่ามีมาตราฐานการจัดคิวแฟ้มประวัติกันยังไง คนมาก่อนจัดเปนคนสุดท้าย แย่มากๆ ไม่มีเหตุผลบอกกันให้เข้าใจสักนิดเรย แย่มากๆ,1
แพง,5
คุณหมอเก่งมาก. แม่ทำบายหัวใจสามเส้น.ผ่านมาสิบปีแล้ว. ยังแจ๊ว,4
แพงดี รอหมอนานมาก พนักงานบางคนยังติดทำตัวแบบเจ้านายไม่มีเงินตายอย่างเดียว แต่รักษาดีให้5ดาว,5
ดีคะ,5
ที่นี่สองมาตรฐานหรือคะ?? บริการชาวต่างชาติดีกว่าคนไทย แค่ใบนัดให้รอตามคิวไม่ได้หรือคะ?? เค้าทำผิด ลัดคิวขอใบนัด ทำไมคุณไม่ชี้แจงให้รอตามคิวคะ?? ต้องเดินไปเขี่ยๆหาใบนัดให้เลย แล้วคนอื่นๆที่นั่งรอก่อนหน้าคืออะไรคะ?? แม่ดิชั้นก็จ่ายเงินเข้ารับบริการนะคะ ไม่ได้มาขอให้ดูแลฟรีๆ คุณแม่ผิดหวังมากค่ะ ..,2
สวัสดีคะอยากจะสอบถามคะว่าตาเหล่สามมารถดึงตากลับได้ไหมคะแล้วค่าใช้จ่ายเท่ารัยคะ,4
สบายใจที่สุดเลยค่ะเมื่่อไป ศิริราช ไปตามรับสั่ง ทูลกระหม่อมพ่อ พระบาทสมเด็จพระเจ้าอยูหัวปรมินทรมหาราชาภูมิพลอดุลยเดช ได้เดินดูรอบศิริราช ตามรับสั่ง ทูลกระหม่อมแม่ สมเด็จพระนางเจ้าสิริกิตริ์บรมราชินีนารถ ค่ะ ไม่กี่วันนี้จะไปค่ะเพราะว่าใกล้วันเกิด ใกล้สอบ จะไปกราบถวายพระพร ไปถวายรายงาน ด้วยระบบการบินส่วนพระองค์ ค่ะ คิดถึงมากค่ะ เป็นห่วงมากด้วยค่ะ พระนามโปรดเกล้า < หม่อมเจ้าหญิง พลอยแสง วชิราลงกรณ์ ณ นคร < miss chonrada bunklung < 0840485558,4
ดูแลเอาใจใส่คนไข้ดี มีหมอที่เชี่ยวชาญรัษาโรคเยอะ แต่ส่วยมากคนเยอะ รอนานเวลาไปแบบฉุกเฉินกว่าจะได้ตรวจ,3
โรงพยาบาลก็เหมือนองค์กรการ บริการทุกอย่างของประชาชนคนไทยควรต้องเห็นใจคนป่วยทุกคนสรุปก็ดีแต่บางครั้งต้องเน้นการบริการทุกอย่างสุภาพเรียบร้อย,5
ทุกอย่างดีหมด ยกเว้นเรื่องจอดรถ เราเป็นคนไข้ของ รพ.ศิริราชปิยะ (เอกชน) ผ่าตัด 2 รอบ รอบสองต้องไปฉายแสงที่ศิริราช (รัฐ) ไม่มีที่จอดรถเลยต้องมาจอดที่ ศิริราชปิยะ (เอกชน) เสียค่าจอดรถ 600 ซึ่งแพงมาก ทั้งๆที่ก็เป็นคนไข้ของ รพ. จะขอจอดรถไม่ได้เลยรึ,5
ผมไม่คิดอะหรอกครับเพราะว่าเขาบริหารจัดการดีอยุ่แล้ว,5
ผมคิดก็ดีมากๆๆ,1
ก็ดี .. แต่พยาบาลบางคนนิสัยไม่ค่อยจะดี,5
เป็นโรงพยาบาลรัฐบาลที่มีหมอเก่งๆที่ช่วยเหลือผู้คนได้มากมีเครื่องมือทางการแพทย์ที่ดีครบ บรรเทาประชาชน เป็นโรงพยาบาลของรัฐที่ครบวงจร ช่วยเหลือได้มากๆในคนที่มีกำลังทรัพย์น้อย,5
รพ.ของคนรวยแต่เพื่อช่วยคนจน บริการดุจญาติมิตร ใส่ใจผู้ป่วย,5
เป็น รพ.ที่มีมาตราฐานสูงมาก รองรับการรักษาได้มากหมอ ก็ส่วนมากเป็นอ.หมอทั่งนั้น,5
ค่าห้องมันแพงแท้คืนละ6หมื่นเอง,3
รถติดมาก เสียเวลาในการเดินทางมากมาย,2
ดีที่สุด,5
คุณหมอ และพยาบาล บริการดีและน่าประทับใจมากๆคะ,5
คุณภาพการบริการสมราคาทีจ่าย,5
มีโอกาสที่จะได้เห็นว่าควรทำอย่างไรเมื่อมีข่าวว่าคิดค่าบริการกรณีที่โทรศัพท์และอินเทอร์เน็ตได้เพียงไม่กีฬาที่ชอบไปนั่งสมาธิของเราเองที่ทำให้ขณะนี้ได้มีการตั้งคณะกรรมการรณรงค์เพื่อแก้ไขรัฐธรรมนูญและเรื่องที่ต้องใช้เงินซื้อดอกกุหลาบ,5
บริการดีมากและคุณหมอรักษาดีแนะนำดีมากกว่าที่อื่นๆๆ,5
ขอร้องเรียนหน่อยนะคัฟทนไม่ไหวจิงๆ ทางโรงพยาบาลช่วยเอาพยาบาลห้องคลอดสามัญไปอบรมเรื่องการพูดกับคนไข้หน่อยนะคัฟ (แต่ก็ไม่ใช่ทุกคนนะคัฟ) หมอให้กับบ้านได้แต่พยาบาลบ่นว่าจะไม่ให้กลับแล้วพยายามมองด้วยหางตา โรงบาลก็ใหญ่และดังนะ แต่พยาบาลคิดว่ามาอนามัยเลยผิดหวังจิงๆ รึว่าโรงพยายาลนี้เป็นแบบนึ้รึป่าวก็ไม่ทราบนะคัฟ,1
เยี่ยมยอด,5
รอพบแพทย์นานมากๆๆขนาดชำระเงินเอง,1
รบกวนท่านผู้บริหาร รพ.กรุณาอบรม พยาบาลของท่านด้วยแค่ไปสอบถามว่าคุณหมอมายัง ถีงคิวยัง หน้าคุณเธอ หงิกเป็นหมากรุกเลย ตอบมาว่า.. ..ถึงคิวก็จะเรียกเอง..แต่น้ำเสียงและหน้าตากวน ส้...มากๆ คนไข้ต้องอดข้าวอดน้ำเพื่อรอเจาะเลือดทั้งที่ในห้องเจาะไม่มีคนไข้เลยมันก็ให้รอ คนไข้อายุจะ80แล้วฉันจะต้องพาคนไข้ไปตรวจรักษาเดือน4-5ครั้ง (มะเร็งลำไส้) แผนกมะเร็งหมอและพยาบาลดีมากๆๆขอชมเชย แต่ อายุรกรรม แผนกนี้เลวมาก(พยาบาล) แต่คุณหมอน่ารักทุกท่านเลย,1
ขอบคุณมากคร้บที่รักษาคุณแม่ผมอย่างดี,5
รบกวนสอบถามหน่อยคับ ถ้าไม่สบายนอนโรงพยาบาลเค้าให้เฝ้าไม่คับ,4
ผมดูที่แพทย์ท่านไม่เชิงธุระกิจดีส่วนอื่น ค่อยๆปรับปรุงกันไป,5
ดีค่ะพยาบาลร่วมมือกันดีคอยดูแลดีมาก,3
พยาบาลบริการ แย่มากลูกสาวป่วยเป็น มือ เท้า ปากค่ะ ไข้สูง38-39 ตลอด แต่ได้รับการบริการคือเช็ดตัวเองโดยคุณแม่ คุณพ่อ พยาบาลหน้าไม่ยิ้มจร้า นี่เอกชนค่ะเสียเงินแพงกว่าเพื่อต้องการได้รับการเอาใจใส่ที่ดีกว่าค่ะไม่ใช่บริการระดับรัฐบาล สงสัยติดนิสัยจากรากเดิมที่เคยทำงาน อบรมด่วนค่พผู้บริหาร,2
ตั้งแต่พาแม่มารักษาที่ไม่มีครี้งไหนที่ไม่ชอบใจ ไม่ว่าจะเป็นคำพูดการการกระทำดีมากๆครับ.ขอบอกคำเดี่ยวว่าประทับใจ.และต้องขอขอบคุณพยาบาลทุกท่านที่ได้ช่วยดูแลแม่เแ็นอย่างดี..ขอบคุณครับ,4
หมอเหี้ยมาก. ไม่พูดให้กำลังใจคนไข้ พยาบาลก็เหมือนกัน ปลุกมาเพราะคนไข้อาการไม่ดีก็ปากหมาทำหน้าไม่พอใจ มึงมีหน้าที่ให้บริการ มึงก็ทำไป ไม่อยากทำมึงก็ลาออกไป พูดทำให้คนเฝ้าไข้เค้าใจไม่ดี มึงบ้ารึป่าว มึงเรียนจบมาได้ไง (หมอพยาบาลบางตัวน่ะค่ะ) ไม่พอใจจิงๆรับไม่ได้ เงินกูก็เสียให้ เงินเดือนมึงก็ได้ ยังจะมาพูดเลวๆอีก ถึงหมอบางคนนะช่วยไปนัดกันก่อนว่าอาการคนไข้เป็นยังไง ไม่ใช้มึงมาพูดคนละอย่าง เชื่อถือใครไม่ได้สักตัว. พูดมาได้ไงถ้าคนไข้เป็นอะไรไปไม่รับผิดชอบ สารเลวมาก เหี้ยที่สุด #ทนไม่ไหวจิงๆเลบต้องพูดคำหยาบ,1
ดีที่สุดในย่านฝัุ่งธนฯ,5
โรงพยาบาลศิริราชปิยมหาราชการุณย์เป็นหนึ่งในโรงพยาบาลที่มีคนศัรธามากที่สุดในปีพ.ศ2559,4
บริการดีคะ เสียอย่างเดียว รอหมอนานมากกกก,4
บริการดีตั้งแต่ รปภ > พยาบาล> เวรเปล>จนถึงมือคุณหมอ,5
คุณหมอและพยาบาลเอาใจใส่ดีมากตรวจละเอียดรู้ผลเร็วสถานที่สะอาดเรียบร้อยบรรยากาศดีมีร้านอาหารให้เลือกรับประทานพร้อมโดยที่ไม่ต้องออกไปหาร้านข้างนอกให้เสียเวลา....และที่สำคัญที่สุดก็คือลานจอดรถกว้างขวางมาก.จอดในร่มไม่ต้องกลัวแดดและฝนเลย..รปภ.ก็เอาใจใส่ดูแลเป็นอย่างดีคะ.เชิญมาลองใช้บริการดูนะคะ...คิดว่าครั้งต่อไปก็คงจะมาตรวจสุขภาพประจำปีที่นี่ตลอดไปค่ะ,5
ใหญ่ขึ้นดีขึ้นก็จริงแต่ระบบยังช้ายิ่งกว่าเดิม,2
ร.พ ศิริราชโฉมใหม่บริการเยี่อมมาก,5
นานมาก นานทุกครั้งไม่เคยปรับปรุง ขนาดโทรนัดก่อนยังรอหมอเกือบ ชม ยังไม่รวมติดต่อชำระเงิน ปรับปรุงด่วนค่ะ,1
รพ. มาตรฐาน ดีมาก,5
ดี ครับ,5
ประทับใจ รพ.ดูดี ค่าตรวจไม่แพง,5
ก็ดีที่สุด เท่าเคยเจอมา,5
บริการเลิศ สมราคา ที่สำคัญเลือกหมอได้ด้วย,5
การมารักษาตัวที่ร.พแห่งนี้ช่วยให้เพื่อนมนุษย์ที่เขาป่วยได้มีโอกาสหายป่วยเหมือนเรา,5
เคยมาแล้วค่ะเมื่อปี 2013 ผ่านมา ต้องกลับมาอีกค่ะ รู้สึกได้รับความรู้เพิ่มเตืม พร้อมทักษะการยึด_คลายกล้ามเนื้อ แล้วพอใจค่ะ กับจนท ทุกๆคนค่ะ ขอบคุณ ขอบคุณ และขอบคุณค่ะ,5
สวัสดีค่ะ ขออยากจะสอบถามค่าผ่าตัดกระดูกสันหลังคดค่ะ ตอนนี้กำลังเป็นค่ะ มีอาการณ์ เหนื่อยง่าย บางก็ปวดหลัง บางก็หายใจไม่สะดวก อยากจะรักษาค่ะให้หายค่ะเลยอยากรู้ว่าค่ารักษาสูงไหมค่ะ ตอนนี้อายุ 18 แร้วค่ะ แร้วอยากรู้ว่าผ่อนจ่ายได้ไหมค่ะ ( ใครที่เคยรักษามาแร้วช่วยให้คำปรึกษาหน่อยนะค่ะ อยากหายจริงๆค่ะ ),4
หมอน้อย....เป็นอะไรไปหมอไม่มีบ้างยังเปิดไม่เต็มที่,4
คุณหมอและพยาบาลเป็นกันเองมากๆค่ะ,5
ดีมากค่ะ,5
มีอาหารมากมายให้เลือกและเป็นการรักษาที่ดีเยี่ยมได้เป็นทั้งผู้รับและผู้ให้ในคราวเดียวกัน,1
โรงบาลนี้รักษาดี,5
มีความสุขทั้งครั้งที่ได้ไป... คุณหมอก้อน่ารัก....ของกินก้อเยอะนะ.,5
คนป่วยเยอะมากไปที่ใช่เวลาเป็นวันคับ,5
คุณหมดผ่าตัดทุกคนเก่งมากๆๆๆๆ,5
ดีมากคะ,5
ดีคะหมอ-พยาบาลก็ดีคะ,4
สถานที่สะอาด น่ามอง เสียเรื่องเดียว ทางเข้าจอดรถรับบัตรแคบแล้วเลี้ยวเลย น่าจะปรับใหม่,5
ไม่ผิดหวังเลยค่ะ คุณหมอเก่ง ตอบได้ชัดเจน ราคาไม่แพง,5
ดีมากค่ะ พูดจาดี,5
พยาบาลที่นี้ไม่คล่องหลายเรื่องเลย รอหมอตรวจก็ไม่ตรงเวลาตามนัด+ อีกอย่างน้อย 2 ชั่วโมงแค่เช็คห้องtc scan รอเป็นชั่วโมง คนไข้หิวข้าวก็ทานไม่ได้ ไม่มีมาแจ้งเลยว่ารออีกนานเท่าไหร่ ไม่คุ้มกับค่าตรวจที่แพงแสนแพง ปรับปรุงและพัฒนาหน่อยเรื่องระบบ ยอมรับคุณหมอที่นี้เก่งจริง แต่ข้อบกพร่องก็เยอะเกิน,1
โรงพยาบาล กึ่ง โรงเเรม 5ดาวคับ,5
ขอปรึกษาหน่อยนะคะหนูปวดหน้าอกข้างซ๊ายเป็นประจำอยู่ๆก็ปวดไม่ได้ทำอะไรก็ปวดหายใจแรงก็ไม่ได้จะทำไห้ปวดกว่าเดิมต้องค่อยๆหายใจจะเป็นครั้งละ 1-10 นาทีแล้วก็หายมันปวดจิ๊ดๆเหมือนโดนเข็มแทงยิ่งปวดมากก็รู้สึกเหมือนปวดจิ๊ดเป็นเส้นๆหนู่เป็นมานานแล้วค่ะเวลาเป็นขยับตัวไม่ได้เลย หนูจะเป็นอะไรรึเปล่าคะ,5
ดีค่ะหมอเก่งพยาบาลโดยรวมดีค่ะบริการดีแต่ช้ามากเนื่องจากคนเยอะ ดีหมด พัฒนาให้ดียิ่งๆขึ้นนะค่ะ เพื่อคนไข้ แต่ที่จอดรถไม่ค่อยมี,4
คนเยอะมากๆๆๆ,1
หลานกำลังไปรักษาอยุ่บอกว่าหมอพูดดีมาก ขอบคุณที่ช่วยคนป่วย..และญาติให้เข้ามีกำลังใจ,4
เคยพาคุณแม่มารักษา คะ่ บริการดีมากทั้งคุณหมอและเจ้าหน้าที่ รักษาความปลอดภัย พร้อมทั้งพยาบาล มีอยู่อย่างหนึ่งที่ไม่ค่อยประทับใจคือพนักงานทำความสะอาดห้องไม่ค่อยทั่วถึงถูแต่พื้นไม่เช็ด ชั้นเตียง ทำงานรีบร้อนเกินไป อ่อลืมบอก คุณแม่อยุ่ 26วัน เลยรู้คะ่,5
ระบบของโทรศัพท์ดีมากเลยครับชอบผมได้เยอะ ช่วยปกปิดคนชั่วอย่างผมให้อยู่ก่อสส้างความชั่วต่อขอบคุณมากสำหรับสถานที,5
ประทับใจในการรักษา,5
โรงพยาบาลในดวงใจ ของคนไทย,5
ช้ามากครับ ทำไมถึงไม่ปรับปรุงระบบให้พัฒนาเทียบเท่าโรงพยาบาลอื่นๆ ครับ,1
มารักษาหลายครั้งแล้วครั้งนี้มาวันที่10 พ.ค.59 มาส่องกล้องตรวจทางเดินอาหารตั้งแต่เช้าเสร็จเวลา09.35 น. ลงมาทานข้าวรอพบหมออีกท่านมาแจ้งตรวจตั้งแต่10.00 ตอนที่ไม่ีคนรอตรวจเลยคิดว่าจะได้ตรวจเร็วกลับบ้านเร็ว เพราะต้องเดินทางกลับโคราชแต่เอกสารไม่ส่งลงมาจากห้องส่องกล้องสักทีรอเป็นชั่วโมงจนตอนนี้11.20เอกสารคนป่วยพึ่งลงมารอคิวอีกสองคิว ไม่ทราบว่าทางเจ้าหน้าที่เขาไม่แจ้งหรือไงว่าคนป่วยรอตรวจอยู่นั่งรอเป็นชั่วโมงเอกชนแต่ช้าเสียเงินแพงแต่รอไม่ต่างจากโรงพยาบาลรัฐหน้าเบื่อมากควรปรับปรุง,2
โรงพยาบาลนี้เป็นหนึ่งของประเทศเคยใช้บริการมานานแล้วเป็นโรงพยาบาลแห่งแรกของประเทศไทย,5
ไม่กล้าใช้บริการค่ะ กลัวไม่มีเงินจ่ายเค้าว่าแพง,4
สุดยอดบรรยากาศและบริการ,5
คุณหมอเก่งค่ะ,5
สำหรับคนที่ต้องการ การรักษา มี OPD ผู้ป่วยนอก เลือกรักษาได้ทุกโรงพยาบาล สามารถสอบถามได้ที่ face book ได้เลยค่ะ ทุกคนล้วนต้องการ การบริการที่รวดเร็วและดีที่สุด,4
ที่โรงพยาบาลรับตรวจดีเอนเอปะค่ะเเร้วค่าใช้จ่ายกี่บาทคะ,4
บริการดีมากค่ะขอชมเลยค่ะที่นี้เจ้าหน้าที่ที่นี้แพทย์พยาบาลน่ารักทุกคนโดยเฉพาะคุณหมอโบว์(ฐิตพร)ที่ช่วยดูแล,5
ได้รับการบริการดีมาก ตั้งแต่เปิดประตูลงจากรถเลยค่ะ รปภ.พูดจาและกริยาดีมากๆ ส่วนพยาบาลพอเห็นคนป่วยก็รีบมาดู ถามอาการ ซักประวัติ รีบตามคุณหมอ การทำงานทุกอย่างคือเป็นระบบอย่างดีเยี่ยม ประทับใจมากค่ะ เป็นโรงพยาบาลเอกชนที่การรักษาและการให้บริการดีที่สุด และค่ารักษาก็ไม่แพงมาก เครื่องมือทางการแพทย์ครบถ้วน ที่รองรับญาติคนไข้ก็ดีเยี่ยม ตึกสะอาด ห้องน้ำสะอาด ไร้ที่ติทุกอย่างเลยค่ะ แถมค่ารักษาพยาบาลที่เราจ่ายส่วนหนึ่งได้ไปทำบุญด้วยคะ แนะนำจากใจ ใครที่จะมารักษาที่นี่ไม่ผิดหวังจริงๆ แอบเสียดายเวลาที่ไปเสียเวลากับรพ.อื่นมาหลายวัน ต้องขอบคุณ คุณพยาบาลที่รพ.บางไผ่ ที่แนะนำเราให้มารักษาที่นี่ด้วยค่ะ,5
เป็นคนไข้ประจำแผนกจักษุ คุณหมอละอองศรี สุดยอดเลยค่ะโรงพยาบาลสะอาดบริการดีเยี่ยม คุณหมอเก่งๆทุกแผนกค่ะ,5
สำหรับผมดีมาก เพราะที่นี่ทำให้ผมรอดตายมาจนถึงวันนี้,5
ราคาโดนจั๊ายยยยยยยยยยยยยยยยยยยย มีหมื่นหมดหมื่นมีแสนต้องจ่ายล้าน,5
ช่วงที่เปิดโรงพยาบาลแรกๆ ครอบครัวเราเคยใช้บริการลูกคนเล็ก ไม่สบายคุณหมอให้แอดมิท บริการทุกอย่างดีมาก ราคาเมื่อเทียบกับโรงพยาบาลเอกชนระแวกนั้นก็ไม่แพงอย่างที่กังวล,1
น่ารักตั้งเเต่หมอพยาบาลยันซีเคียล ของกินครบครัน ห้องพักสะดวกสบาย มาเถอะค่ะ ♡,5
ดีมากเลยค่ะ,5
ดีไจที่พี้สาวเจิคุนหอมเก่ง,2
ดีมากไปประจำค่ะ,4
ร.พ มีหมอเก่งเฉพาะทางทุกโรค,5
ดีค่ะ คุณหมอ กุมารแพทย์ ให้คำปรึกษาดีมากค่ะ,5
คุณหมอเก่งค่ะ แต่เจ้าหน้าไม่ค่อยใส่ใจในการให้บริการ ไม่ติดต่อ เรื่องที่ยื่นคำร้องขอผ่านมา 2 เดือนกว่าไม่ได้รับการสนใจ เงียบหาย,2
ไปทุกเดือน,5
โรงพยาบาลนี้เป็นเครือเดียวกับศิริราชค่ะสถานที่และห้องพักรักษาน่าอยู่ค่ะแต่ค่าใช้จ่ายมันสูงไปหมอที่รักษาก็เป็นอ.หมอที่ศิริราชค่ะ,5
ค่าจอดรถแพงมาก,1
ตุณหมอเก่งมาก,5
บริการดีมากๆค่ะ พูดเพราะเอาใจไส่ดีมากค่ะ,5
กะชับ รวดเร็วแนะนำคนอย่างผมที่ไม่เคยมาได้อย่างเข้าใจสุภาพบริการด้วยรอยยิ้ม,5
ประทับใจการบริการของพยาบาลและคุณหมอที่นี่นะค่ะ อาจจะมีเรื่องรอคิวนานบ้าง แต่พอเข้าใจได้ว่าคนเยอะหรือไม่ได้นัดล่วงหน้า ถ้านัดล่วงหน้าก่อนก็ไม่ช้าเท่าไหร่ เพราะไปรพ.เอกชนห้าดาวที่อื่น บางครั้งก็รอนานเหมือนกัน แต่ถ้าปรับปรุงการบริการให้เหมือนเอกชนห้าดาวดังๆ เอาใจใส่ลูกค้ามากขึ้น จัดสิ่งอำนวยความสะดวก และเพิ่มความรวดเร็วในการทำงาน ให้เพิ่มมากขึ้นจะดีมากเลยค่ะ ตอนนี้ระยะเวลาในการมาหาหมอทุกครั้งต้องใช้เวลาครึ่งวันตลอด,4
ดีมาก สะอาดดูดี อากาศรอบนอกโปร่งใสสามารถออกกำลังกายบริเวณสนามหญ้าได้ 10/12/58,5
ดีแต่แพงค่ะ,2
"รบกวนถามหน่อยคะ ให้นมลูกอยู่ทานยา ""นิวโรเบียน"" ยาแก้ปลายประสาทชา เป็นวิตามินบี1-6-12",1
โดยส่วนตัวเคยเข้ารับการผ่าตัดที่นี่เมื่อประมาณต้นปี 2558 นอน 7 วัน... โรงพยาบาลใหม่ / คุณหมอเยี่ยม แต่นางพยาบาลยังดูขลุกขลักอยู่น่ะค่ะ เรื่องการให้บริการ แต่ภาพรวมโอเคเลยค่ะ...ลุกเดินได้ภายใน 3 วัน ภายใน 10 วัน ก็ขับรถเองได้(ผ่าตัดไตข้างขวา เปิดหน้าท้องแผลยาวประมาณ 10 ซม.) ผ่านมา 1 ปีแล้ว แผลสวยมากค่ะ เป็นเส้นบาง ๆ เท่านั้นเอง...ขอบพระคุณคุณหมอน่ะค่ะ (ได้ข่าวแว่ว ๆ ว่าเป็นอาจารย์แพทย์ด้วย )...ทุกวันนี้ยังคงไปใช้บริการอยู่ตลอดค่ะ,4
แอดมิดอยู่ห้องวีไอพี แต่พยาบาลหลายคนอารมณ์ไม่พร้อมบริการ ควรฝึกอบรมมารยาทในการบริการเสียใหม่ มาจ่ายตัง ไม่ได้มาขอฟรี,1
มีแพทย์เฉพาะทางมากมาย ดีมากครับ บริการดี ที่จอดรถก็สะดวกครับ.,5
แฟนได้ไปผ่าตัดรักษาดีมากๆพยาบาลตึกที่แฟนพักรักษาตัวอยู่คือตึกเฉลิมพระเกียรติ7ใต้พยาบาลพุดเพราะมากๆบริการก้อดี แต่วันที่22สิงหาคมคุนหมอนัดไปฟังผลก้อนเนื้อที่ผ่าออกว่าเปนอารายแต่แฟนติดธุระวันที่19ก้อโทไปเลื่อนนัดเขาเขาบอกว่า ว่าต้องโทมาตอน9โมงเช้าถึงบ่าย3นะค่ะพอแฟนก้อโทไปวันที่20ตอน11โมงเขาบอกว่าต้องบ่ายโมง ok เราโทวันที่21ตอนบ่าย2 เขาก้อบอกว่าต้องโทมาพุ่งนี้แฟนก้อเลยบอกว่าแต่หมอนัดพุ่งนี้แร้วนะครับเขาบอกว่าก้อช่วยเหลืออะไรไม่ได้นะค่ะ แร้วก้อแบบว่าพุดจาไม่ดีเลยอยากจะถามว่าแร้วคุนมาเปนเจ้าหน้าที่ได้ไงค่ะพุดจา ...ไม่รับประทาน!!ดีออก!!!! :(,1
เคยศึกษาที่นี่ ร.ร.อายุรเวทฯ แพทย์แผนไทยประยุกต์,5
ขอขอบพระคุณโรงพยาบาล คณะแพทย์และทีมพยาบาลที่ทำการรักษาคุณแม่ผมอย่างดีที่สุดครับ,5
ภาพรวมอยู่ในเกณฑ์พอใช้  แต่การบริการยังล่าช้าอยู่บ้าง  แพทย์เก่งมีประสบการณ์,4
ไปทำการผ่าตัดซีสต์ที่ก้นมาค่ะ  คุณหมอใจดีมาก  พยาบาลและเจ้าหน้าทีที่นี่ ก็บริการอย่างดีเยี่ยม  มีการโทรมาแจ้งเตือนทุกครั้งก่อน ที่การนัดหมาย  และหลังการผ่าตัด ก็โทรมาเตือนเมื่อถึงกำหนดนัดหมายแพทย์ ...ประทับใจทุกบริการ ...,5
แม่แฮปปี้มากกกกกกกก,5
บริการดีมากๆๆครับบบ,5
พนักงานด้านหน้าฝ่ายกรอกประวัติข้อมูลคนไข้ พูดจาเเย่มาก ทำกริยาไม่สุภาพ เเละพรักงานอื่นๆอีกหลายคน ถามอะรัยก็ไม่ตอบไม่รู้สักอย่าง,1
ดีเยี่ยมเรื่องให้ความสำคัญคนไข้ หมอก็เก่ง,5
คุณพ่อรับการตรวจกับคุณหมอท่านนึงด้านเลือด เจาะไขกระดูก ผลตรวจหมอแจ้งว่าเป็นเนื้องอกที่ไขกระดูก รักษาได้โดยฉีดยาใต้ผิวหนัง ผลข้างเคียงมีแค่มือเท้าชาจะให้ยาบำรุงปลายประสาท กับคลื่นไส้ก็จาให้ยาแก้คลื่นไส้ก่อนฉีด สุดท้ายลงมาที่ศูนย์คีโม รับเอกสารชื่อยา ผลข้างเคียง ...มันคือยารักษามะเร็งไขกระดูก แล้วทำไมหมอไม่บอก มาบอกทีหลังว่ามะเร็งกับเนื้องอกก็เหมือนกัน ... สรุปคุณพ่อไม่ขอรับการรักษา คุณหมอพยายามทั้งพูดทั้งขู่ว่าลูกต้องรับสภาพคุณพ่อได้นะถ้าต่อไปจะเป็นยังงัย (ควรจะพูดมั๊ย) หลังจากยืนยันว่าไม่รักษาคุณหมอให้เซ็นต์เอกสารปฏิเสธการรักษาแล้วก็จบ ... ไม่มีแม้แต่คำแนะนำว่าควรปฏิบัติตัวหรือดูแลตัวอย่างไร ... จรรยาบรรณของหมอหายไปไหน ...,1
ท่านใดที่มาใช้บริการที่ตึกปิยะมหาราชการุณย์คือบุคคลที่ได้ทำบุญคะ คือทางโรงพยาบาลมีนโยบาล นำเงินไปช่วยผุ้ป่วยฝั่งศิริราชใหญ่คะ นั่นก้หมายความว่าถ้าคุณมาใช้บริการที่นี่นั่นก้หมายความว่าคุณได้ช่วยเหลือผุ้ป่วยฝั่งศิริราชใหญ่ด้วยคะ,5
โรงพยาบาลดีค่ะแต่หัวหน้างานแผนกเวชภัณฑ์แย่มาก ชื่อนามกัตติกา สุขวรรย์ ไม่มีเหตุผลบังคับพนักงานใก้เซ็นลาออกไม่มีเหตุผลพนักงานขอย้ายก็ไม่ให้ย้าย ไปสมัครที่อื่นก็ตามไปราวีไม่ให้รับไม่ให้ทำถามว่าทำไมถึงเป็นได้ถึงขนาดนี้ทำเพื่อะำรที่ทำบายชีวิตของคนเหล่านั้นและครอบครัวของพวกเขาให้เดือดร้อนคนเป็นถึงหัวหน้างานแต่จิตใจอคติไม่มีคุณธรรม มนุษยธรรมก็ไม่มีเลือกมาเป็นหัวหน้างานได้อย่างไร ไม่มีใครมาตรวจสอบให้ความยุติธรรมแก่พวกเขาเหล่านั้นด้วยในแผนกเวชภัณฑ์ปลอดเชื้อสิ้นแล้วคนดีที่จะมาดำรงตำแหน่งหัวงาน ตอนนี้ร่ำรวยผิดปกตินิสัยใจคอก็ต่ำลงมีใครช่วยได้ที่จะให้ความเป็นธรรม,5
พยาบาลวอร์ดชั้น 13 โซน c บริการแย่มากๆ วันที่13-15 /9/15,1
มีการบริการที่ดี แต่ค่าบริการไม่ได้แพงเกินไปเลย ส่วนค่าหมอก็เช่นกัน เหมาะสมตามอาการที่ไปหาไม่ได้บวกเกินความเป็นจริง และยาก็ไม่ได้บวกเเพงเกินไปด้วย,4
สนจัยคนไข้ดีมาก ห้องน้ำสะอาดสุดๆ,5
ดีมากคับแต่ค่ารักษาคอนข้างสูงมากน่าจะเบากว่านี้หน่อยคับ,4
พานอ้งชายไปรักษาอยู่2เดือน15วันหมอหรือพยาบาลดีมากคะ่,5
ชอบขั้นตอนการให้บริการและความใส่ใจของเจ้าหน้าที่/พยาบาลที่โรงพยาบาลนี้ค่ะ พวกโรคเฉพาะทางมีการนัดหมายเวลาล่วงหน้าพอไปถึงก้รอคิวไม่นาน การจ่ายเงิน/รอยาก้ไม่เกินสิบนาทีเป็นส่วนมาก รวมถึงคุณหมอก้เป็นผู้เชี่ยวชาญมาจากศิริราชด้วย ในส่วนของสถานที่ อันนี้ชอบเป็นพิเศษ ดูสะอาดเป็นระเบียนเป็นสัดส่วน ของกินหาทานง่าย การตกแต่งและบรรยากาศก้ไม่เหมือนโรงพยาบาล เหมือนโรงแรมซะมากกว่า ดูผ่อนคลาย ไม่เครียดดีค่ะ ในส่วนห้องผู่ป่วยใน โชคดีว่าได้ห้องวิวริมแม่น้ำ สวยมาก คนไข้อยู่แล้วไม่เครียดเลยค่ะ ที่จอดรถก้เพียงพอ มียามคอยดูให้ตลอดว่าตรงใหนว่างและยังจดเลขที่จอดให้กันลืมด้วย (อันนี้น่าจะเป็นปัญหาที่เจอกันบ่อย จอดละหารถไม่เจอ) ส่วนที่ต้องปรับปรุงตอนนี้ยังคิดไม่ออก โดยรวมๆแล้วประทับใจในโรงพยาบาลค่ะ,4
บริการดีมาก ครับ,5
เป็นคนไขัที่นี่ท้ังครอบครัว,5
อุ่นใจ สบายใจ เมื่อคนที่คุณทนุถนอม อย่างที่สุด อยู่ในความดูแลของ รพ.นี้ ผิดปกติ รีบมาทันที 92 แล้ว,5
โรงพยาบาลดีมากๆๆคะดีกว่าเอกชนบางที่อีกคุณภาพคุณหมอเยี่ยม,5
ดีมากเลยค่ะ ทั้งการรักษาและด้านบริการค่ะ,5
พยาบาลใจดีค่ะ ตึกเด็กอ่อน ตอนน้องเกิด ใจดีค่ะ ถึงจะรอนาน เเต่ก็สบายค่ะ อาหารอร่อยมาก,5
ดีครับ!แต่ไม่จำเป็นไม่อยากเข้าครับ!,5
รับบริการมา...โดยรวมประทับใจ,4
ขาดที่จอดรถ,4
กราบขอบคุณ รศ นพ ณัฐวุฒิ วงศ์ประภารัตน์มากๆ ค่ะอาจารย์เก่งมากค่ะ จนอยากให้ใครยังไม่เป็นโรคหัวใจรีบเป็นเลยค่ะ มีอาจารย์สุดยอดดูแลอยู่ที่ปิยราชมหาการุณย์ค่ะ,4
มั่นใจในทีมแพทย์และงานบริการ ต้องที่นี่เลยค่ะ,4
บริการดี คุณหมอมีความสามารถ โรงพยาบาลมีบรรยากาศที่ดี,5
หมอเก่งอันนี้ยอมรับ บริการดีมาก ดีกว่าที่อื่น หมอให้คำแนะนำ พูดจาดี สุภาพ,5
รักษามาก้อนานเพราะเห็นแก่แม่ แต่นับวันการบริการแย่ขึ้นเรื่อยๆ เจ้าหน้าที่ไม่สนใจเลย เอาแต่คุยๆๆๆๆ @ ตึก 72 ปี หน้าห้อง 111 พอถามถึงคิวการรักษา ก้ออ้างโน่นนี่ ปัดไปพ้นๆตัว ทำงานกันแบบนี้มันได้ห่วยแตก แต่ถ้าเป็นบุพการีคุณคงไม่เป็นแบบนี้ สงสารคนป่วย คนแก่กันบ้างนะ ไม่ใช่มาทำงานไปวันๆ เที่ยงก้อพัก เย็นก้อกลับ,1
พยาบาลนัดหมอไว้ให้บ่ายสองวันที่14เดือนนี้ หวังว่าทุกสิ่งคงผ่านไปด้วยดี,4
ราคาไม่แพงเกินไป เทียบกับคุณภาพหมอที่ได้รับ น่าจะมีประชาสัมพันธให้มาก คนจะได้เข้าถึง แต่ก็รอตรวจนานมาก ยังดีกว่าเอกชนที่อื่นเยอะ ไม่พาณิชย์เกิน,5
ช้ามาก กับระบบใหม่ คีย์ข้อมูลหลังหาหมอ เป็นครึ่ง ชม. รอจ่ายตัง บิลผิด รออีก เกิน 30 นาที คือไรค๊ะ ระบบแย่มาก สรุปเจอหมอ 10 นาที รอกว่าจะเสร็จเป็น 2 ชั่วโมง,1
ดีมากคะยังไ ม่ไปเลยแต่คิดว่าดีแน่ๆๆคะเรารักสถาบันคะเยียมอยู่แล้วคะ,3
บริการประทับใจ ในทุกๆด้าน perfect,5
น้องมังกรรักษาที่นี่เป็นประจำได้รับการดูแลอย่างดีเสมอ,4
คุณหมอพี่พยาบาลลลน่ารักกกกมากทุกคนคะโรงบาลสะอาดบริการดีเยี่ยม,5
เป็นสถานที่ผมไปบริจาคเลือดทุกครั้งที่ครบกำหนด สำหรับความรู้สึกส่วนตัว เจ้าหน้าที่ที่ปฎิบัติงานมีความน่ารักมาก ทั้งให้ความรู้และคำแนะนำที่เป็นประโยชน์แก่ผมอย่างมาก ขอบคุณนะครับ,5
แพงม๊ากๆๆ,5
วิธีการรักษาละเอียดมาก วัดปริมาณน้ำดื่ม และปริมาณปัสสาวะ,4
ดีมากคับแต่..ผมไม่อยากเข้าถ้าไม่จำเป็นคับ,3
อยากทราบเวลาเข้าเยี่ยมผู้ป่วยครับ พอดีอยุ่ต่างจังหสัดจะไปเยี่ยมคนป่วยทีส่งตัวไปรักษาต่อที รพ ศิริราช,4
เป็นที่ดีมาก,4
คุณหมอครับ แฟนผมไปฉีดยาคุมมาหลังคลอดได้ประมาณ 2 อาทิตแล้วครับ แต่เหมือนมีประจำเดือนมาผิดปกติป่าวครับ,1
ดีมากคร้า คุนพยาบาลกับคุนหมอเป็นมิตรกับคนไข้ดีค่ะ ชอบทีนี่ค่ะ:),5
ได้ไปตรวจสุขภาพประจำปีมาค่ะ ขั่นตอนการตรวจละเอียด รอไม่นาน การบริการดี ประทับใจค่ะ พยาบาลให้คำแนะนำดีค่ะ ที่สำคัญ ราคาไม่แพงอย่างที่คิดเลยค่ะ คิดว่าคงมาใช้บริการนในครั้งต่อไปแน่ค่ะ,4
เร็วดี พนง.น่ารัก แต่พยาบาลบางท่านเสียงแข็งเกิ๊น,5
ไม่ลองไม่รู้,5
ผมอยากรู้ว่าอาการแพ้แอลกอฮอล์นี่สามารถรักษาได้รึป่าวคับ,5
น้าลำคารตอ้งมาน้งรอนานๆ,2
ไฮโซมากๆ,5
มีคนดีมากฯ,3
สะอาด ร่มรื่นค่ะ,5
บริการเยี่ยมมากๆพยาบาลสอบถามระเอียดดีจังคุณหมอก็ ให้คำแนะนำและรับฟังอาการคนไข้อย่างดี มาครั้งแรกก็ประทับใจจนอาการป่วยเหมือนจะหายได้เลย,5
เป็นสถานพยาบาลที่มีอาจารย์หมอเก่งๆ จากรพ.ศิริราชและบริการดีกว่ารพ.ดังๆแต่ค่ารักษาพยาบาลถูกกว่า,4
ดีคราบ วิชาขีพจริงๆคราบขอบอก,5
ดีมากมาก,5
รักษาสุขภาพที่นี่อยู่แล้ว,5
บริการช้ามากๆๆๆ[ผู้ที่ใช้บัตรทอง ต้องบริการตัวเอง,2
พาคนไปให้เลือดก็พูดจาดีนะพูดเหมือนเคย รู้จักมา10ปีเลย,5
บริการดีมากค่ะ,1
อยากทราบเกี่ยวกับการรักษาการผ่าตัดหัวใจasdว่าค่าใช้จ่ายประมาณเท่าไรอยากทราบข้อมูลค่ะ,3
เมื่อก่อนตรวจคลินิกนอกเวลาไม่ต้องเสียเงินเพิ่มเดี๋ยวนี้ต้องเสียเงินเพิ่มเช่นตรวจเลือดซึ่งทุกครั้งไม่เคยเสีย,2
บริการดีเอาใจใส่คนไข้ดี,3
โรงพยาบาลศิริราชใหญ่มากสะอาดมากพาแม่ไปร้กษาโรคหัวใจคนไข้เยอะระหว่างเดินไปแต่ละตึกก็งงแล้วแพทย์ให้คำแนะนำดีมากค่ะ,2
บรรยากาศโอ่โถง การบริการทัดเทียมเอกชนเกรดAค่ะ,5
ไม่มีที่ติ ไนทุกๆเรื่อง perfect,5
ระดับ ของผู้ใช้บริการ ที่บัตรทอง 30 บาทแตะไม่ได้.,1
ดีมากทั้งการรักษาและพยาบาลดูแล ตึกใหม่ สะอาด แพทย์เป็นอาจารย์แพทย์หมด และส่วนนึงของรายได้ก็ไปช่วยฝั่งศิริราชตึกเก่า,5
ผ่าตัดซีสครั้งแรกในชีวิต ทั้งแพทย์และพยาบาล รวมถึงพนักงานทุกท่าน รปภ. บริการดีเยี่ยมประทับใจมากคะ ปล. ตอนไปล้างแผลที่ร.พ เมโย พี่พยาบาลยังชมเลยคะ ว่าผ่าที่ไหนมามองไม่เห็นรอยแผลเลย คุณหมอเก่งจัง,5
เยียมมากถึงเขาจะช้าเเต่ต้องเข้าใจว่าโรงพยาบาลมันใหญ่ก็ต้องใช่เวลาเเละก็ถ้าพยาบาลบริการเเย่ก็ไม่ต้องเป็นห่วงเพราะเป็นบางคนที่บริการเเย่หนูก็เคยเจอเเล้วเเต่ไม่ให้เเม่เฝ้าเต่เขาก็ดูเเลดีนะค่ะ,5
ดีมากค่ะคุงหมออัมพัน เฉลิมโชคเจริญเก่งมากใจดีมากค่ะพยาบาลน่ารักทุกคนบริการดีสมราคาประทับใจมากค่ะ^^,5
ดีทุกหย่างยกเว้นชั้น7นวดไทยประยุกต์เฉพาะจุดไม่ได้เรือ่งการบริการสุดยอดแย่ๆมาก100%เลยคะยังตอกอบรบพนักงานนวดอีกมากๆทิ้งคนใข้รอๆ10นาทีมีปากๆๆไว้อมนำ้ลายจะเปลียนคนนวดก็ไม่บอกอะไรให้นั้งรอคำตอบจากดินฟ้าอากาศสถานที่ดีมากแต่ตอ้งเปลียนการบริการตั้งแต่พาคนใข้ไปเข้าหอ้งนวดเลยทิ้งคนใข้ครำทางเดินไปเองหลังออกจากหอ้งตรวจทีจะมาใช้บริการเป็นครั้งที่2เฮ้ออีกนานกว่าจะโตเหมือนสถานที่เสียดายจริงๆๆทีไปเพราะเห็นใกล้บา้นเราและชอบสถานที่มากๆๆแต่เฮ้อ???,5
แม่ผ่าตัดเนื้องอกในสมองใช้สิทธ์30บาทขอบคุณแพทย์ทุกๆท่านที่รักษาแม่ด้วยใจและให้ชีวิตอันมีค่าของแม่คืนแก่ลูกๆ,1
น่าจะดี,3
บริการดีค่ะ,5
บริการดีมากเลยครับ,5
บริการไม่ค่อยดี,4
เยี่ยมมากๆเลยคะ,5
บริการแย่มาก ดิฉันไปตรวจไม่สบายตัวร้อน เป้นหวัดจะอวก ต้องรออีก6 คิวอ่ะรอได้ ไปตรวจตะกี้ตอน5 ทุ่ม สรุปไม่ได้ตรวจ เพราะคิดว่าม่นาน ม่ได้ใช้บัตรจ่ายเงินสด แต่พยาบสลกับบอกกับแฟนดิฉันว่า บางคนต้องรอเป้นชม.ต่อคิว ละบอกว่าคนไข้เป้นเหี้นไรมากป่าว คือพุดจาหมาไม่แดก ดิฉันไม่สบายดิฉันทำงานเรียนมาทั้งวันเพื้อมารอคุณตรวจอีกกี่ชม.คือถ้ารอนานบางทีดิฉันก้ไม่ไหว รึเวลาไปตรวจต้องบอกว่าใกล้ตายคะ จะได้รีบตรวจ วันนี้ผิดหวังมากๆกับการบริการ ต้องขอโทษที่โมโห,1
เป็นที่พึ่งของประชาชนบริการเยี่ยม,5
ฉันให้ 5 ดาว บริการดี ตั้งแต่ รปภ. พนักงานเปล เคาน์เตอร์ โดยเฉพาะคุณพ่อพบหมอกระดูกประจำ: คุณหมอลิขิต ท่านน่ารักมาก โอภาปราศัยกับคนไข้ ญาติคนไข้ ดีมากๆ ประทับใจมากคะ,5
พาลูกสาวมาหาหมอที่นี่ทั้งที่ไกลบ้านมาก แต่กลับบ้านด้วยความสุขทุกครั้ง ขอบคุณมากๆค๊ะ,5
ถึงจะแพงแต่รักษาหายก็ยอมครับอดีดthehart by sirirajเก่าครับ,5
เยี่ยมค่ะ,5
ดีทุกอย่างค่ะ. แต่ตอนนี้คุณพ่อรอเตียงที่ศิริราชยังไม่ได้ค่ะ. คุณพ่อไม่ดีเลยตอนนี้ จำอะไรๆก็ไม่ค่อยได้ อยากให้คุณหมอช่วยหน่อยค่ะ ตอนนี้นอนโรงบาลจะเป็นเดือนแล้วค่ะ. ช่วยหน่อยค่ะ,4
สอาดไม่แพงบริการดีใด้ทำบุญด้วยไปมาหลายครั้งแล้วจอดรถสบาย,5
ทั้งหมอและพยาบาลและบุคลกรบริการประทับใจมากไปมา4ครั้งแล้วทั้งที่รักษาด้วยบัตรทอง,5
ดี,5
บริการดีสะอาดสะดวกปลอดภัย,5
ผมขอบอกพี่น้องชาวไทยทั้งปวงได้เลยว่า ผมรู้สึกประทับใจในการให้บริการของ แพทย์และนักศึกษาแพทย์ รวมถึงผู้ให้บริการทุกท่านใจดีมีนำ้ใจให้บริการผมเป็นอย่างดี ผมซึงใจมากครับ และผมมีนำ้ตาไหลเมื่อหันไปเห็นรูป (ในหลวง) ก่อนกลับและดีใจที่สุดที่ได้เห็นและ สมเด็จรพระเทพฯ. ท่านเสด็จมาที่ ร.พ.ศิริราช ผมทรงทำความเคารพท่านด้วยนำ้ตาผมก็ไหลอีกครั้งครับ ผมขอให้พี่น้องชาวไทยจงรักกันไว้ให้มากฯ เถิดครับและจงภูมิใจที่ได้เกิดมาเป็นคนไทย ผมเพิ่งหัดเล่นfacebookไม่กี่วันเลยนะครับพิมพ์ผิดประการใดอภัยให้ผมด้วยนะครับ ต่างจังหวัดเข้ากรุงเทพฯ+จบ ป.6 ตก ป.4 ก่ออย่างนี้ละครับ กราบขออภัยจริงฯ นะครับ ขอบอกไป ร.พ.ยังไม่ค่อยถูกเลยนิ ถามเคาเอา แต่ยังไงก็ชอบ ร.พ.ศิริราช มากครับผม สวัสดี,1
สถานดี สะอาด ห้องพักไม่เปิดเผยชื่อคนไข้เพื่อความปลอดภัย,4
เข้าไปปรึกษาเรื่องอาการท่อปัสสาวะตีบและอาการติดเชื้อคุณหมอและพยาบาลให้การดูแลและคำปรึกษาที่ดีในการปฎิบัติตัวและแนวทางการดูแลรักษาตัวเองมีความพึงพอใจมากทั้งการดูแลค่าใช้จ่ายและการบริการ,5
มีทีมแพทย์เฉพาะทางและมีการส่งต่อคนไข้เพื่อการรักษาเฉพาะโรค เฉพาะทางได้เป็นอย่างดี การบริการเป็นเยี่ยม และการเอาใจใส่ในคนไข้ของเจ้าหน้าที่ฝ่ายต่างๆ รวมถึงบุคลากรทางการแพทย์ได้เป็นอย่างดี และต่อเนื่อง และที่สำคัญ รายได้ก็นำไปใช้จ่ายในศิริราชเก่า เท่ากับเราได้บุญไปในตัวด้วยค่ะ,5
บริการประดุจญาติ,5
ต้องรอคิวนาน,3
ราคาเท่ากับโรงพยาบาลเอกชนระดับกลาง แต่การบริการดีเจ้าหน้าที่ยิ้มแย้มช่วยเหลือดีมาก คุณหมอแนะนำดีมากๆ และมีตัวเลือกในการรักษาพยาบาลได้ภายใต้คำแนะนำของคุณหมอที่ดีที่สุดและไม่มีค่าใช้จ่ายที่แพงเกินไป,5
"ถึงแม้จะเป๊น ร.พ.ขนาดใหญ่แต่ขั้นตอนการใช้บริการเข้าใจง่าย
อัธยาศัยแพทย์-พยาบาล ดีค่",5
มาครั้งแรกก็รู้สึกดีตั้งแต่ลานจอดรถเลยค่ะ ลานจอดรถกว้างมาก สะดวก สบาย ในรพ.บรรยากาศดี วิวสวย สะอาด ร้านอาหาร ร้านกาแฟ มีให้เลือกมากมาย เจ้าหน้าที่บริการได้รวดเร็วทันใจ พูดจาด้วยน้ำเสียงไพเราะน่าฟัง คุณหมอมีคำแนะนำที่ดี และตรงตามอาการที่เป็น อธิบายเข้าใจง่าย สามารถถามได้ทุกปัญหาสุขภาพ ค่าบริการทางการแพทย์ก็ไม่แพงค่ะ ช่องชำระเงิน และช่องจ่ายยาก็ไม่ต้องรอคิวนาน และยังมีพนักงานรักษาความปลอดภัยเกือบทุกจุด รวมๆแล้วดีมากๆค่ะ,5
ที่จอดรถสะดวก,5
เคยไปหาแพทย์ผิวหนัง คุณหมอต่อพงษ์ (จำนามสกุลไม่ได้อะค่ะ) การบริการดีเยี่ยม👍🏻 คุณหมอให้คำปรึกษาดี ติดตามอาการ แต่ควรนัดล่วงหน้านะค่ะ จะได้ไม่ต้องรอนาน^^ ข้อดีของที่นี่ สถานที่⭐️⭐️⭐️⭐️⭐️ ที่จอดรถมีเยอะค่ะ ถ้ามาหาคุณหมอจอดฟรี ถ้าไม่ได้มาหาคุณหมอชม.100฿😅นะจ๊ะ ข้อเสีย รถติดมากจ้า🚗🚕🚙 ค่ารักษาที่นี่พอๆกับรพ.เอกชน (เพราะรายได้ส่วนหนึ่งนำไปช่วยเหลือผู้ป่วยขาดแคลนจ้า),4
คุณหมอเป็นอาจารย์แพทย์ ไม่ต้องกังวลว่าจะไปเจอหมอจบใหม่ไม่มีประสบการณ์ สถานที่กว้างขวางสะอาด ราคายอมรับได้,5
