th_comment,en_comment,score
ใช้สิทธิ์ประกันสังคมค่ะ รอไม่นานแถมคุณหมอและพยาบาลบริการดีมากค่ะ พูดจาดีให้รายละเอียดครบ ยังไม่เคยใช้บริการทุกแผนกนะคะแต่ แผนก สูตินารีเวช ดีมากค่ะ อยากย้ายประกันสังคมกลับมาที่นี่มากๆเลยค่ะ เดินทางสะดวก อยู่ใกล้ห้าง ออกมาเดินเล่นระหว่างรอผลตรวจได้แบบชิลๆเลย ถึงตอนนี้ประกันสังคมไม่ได้อยู่ที่นี่แล้วดิฉันก็มาใช้บริการเหมือนเดิมค่ะ,"Use Social Security I can not wait for the doctors and nurses serving very good. Flattering for full details Never use the service department of Obstetrics and Gynecology department, but it is very moving to social security back here very much, conveniently located near the promenade, awaiting the result was a chill yet. Now that Social Security is not here, I've come to like it.",5
"ขอชื่นชมคุณหมอและคุณพยาบาลโรงบาลตำรวจมากๆเลยค่ะที่ช่วยเหลือสามีจากการผ่าตัดใหญ่ครั้งนี้เราต้องขอยอมรับในฝีมือของคุณหมอจริงๆผลออกมาดีสามีเราปลอดภัยดีเพราะคุณหมอและคุณพยาบาลใจมากถึงไม่มีผลกระทบอะไรต่อสามีเราทำให้เรารู้ทันทีเลยว่าเราคิดถูกแล้วที่เลือกและตัดสินใจให้สามีผ่าตัดที่โรงบาลตำรวจตอนนี้สามีนอนรักษาตัวห้องพิเศษคุณพยาบาลน่ารักทุกคนเดินเข้ามาดูสามีเราตลอดๆพูดจาดีทุกคน

แต่ก็ขอฝากถึงแม่บ้านทำความสะอาดในห้องผู้ป่วยควรใส่ใจห้องพักของผู้ป่วยหน่อยคือตรงนี้เราก็ไม่โอเคเท่าไรคือทำแบบรีบๆยังไงก็ไม่รู้จนเรามองดูแล้วว่ายังไม่สะอาดเราเลยเดินไปเอาไม้กวาดมาเก็บกวาดเองรู้ป่ะว่าขี้ผงและเศษขยะเล็กๆที่อยู่ใต้เตียงคนเฝ้าใต้เตียงผู้ป่วยและมุมห้องทุกๆมุมเรากวาดได้เยอะเลยล่ะค่ะ  (จากแม่บ้านตำรวจ)","We appreciate your doctors and nurses in hospitals, police very much to help her husband from major surgery, this time we have to recognize the skill of doctors actually work out better husbands are safe because the doctor and nurse it up. What is the impact on our husbands, we knew that we had made the best choice and decided to give her surgery at the hospital, police now husband admitted to your hospital room cute Madurai. The husband came to see us all the more flattering to everyone.

But let's leave the maid's room, the patient should pay attention to the rooms of patients, it is exactly this was not okay, it was done in a hurry so I did not know until we see that it is not clean we went. take a broom to sweep dust and debris that you know me a little under the bed, watched under the bed patient room and every corner of the sweep, we have a lot anyway. (Maid of Police)",5
ลุงผมเป็นคนไข้ ขณะนี้เวลา 13.20น. แล้ว ข้าวเที่ยงยังไม่มา โทรตาม สามรอบแล้ว ห่วยแตกมากๆ,"My uncle is a patient currently at 13.20 hrs., Then lunch is not to call a third round stunk too.",1
จากผู้รับการรักษาจริงอยากบอกว่า รพ.ตำรวจระบบจัดการแย่ โดยเฉพาะจุดทำประวัติใหม่ รอ2ชม. 9.30-11.30 ไม่เรียงคิวคนมากก่อนมาหลัง พอถามบอกระบบล้ม แต่คนอื่นถ่ายบัตรใหม่ส่งไปตรวจ นี่ถามบอกประกันสังคม คืออะไร? ไม่อยากรับปกส.หรอ ได้ตรวจ11.30พยาบาลบอกเร็วๆเลย หมอรับถึงแค่ เที่ยง พอจะตรวจอีกแผนกบอกหมอไม่มีช่วงบ่าย พอจะไปทำบัตรนัดจะมาวันอื่น บอกวันนี้มีหมอออกตรวจ ไล่ไปเอาแฟ้มที่แผนกเดิม คือต้องเดินไป-กลับระหว่าง 2 ตึกเอง 2 รอบ คนป่วยนะคะ แต่คุณหมอที่นี่ยอมรับเลยค่ะ ดีมาก ทั้ง 2 แผนกที่ไปตรวจ ดียิ่งกว่ารพ.เอกชนบางแห่งซะอีก ใส่ใจเรา ตรวจระเอียดและให้คำแนะนำดีมาก คือที่ทน เพราะหมอน่ารักจริงๆ นอกนั้นแย่มาก...จากใจคนใช้ประกันสังคม รพ.ตำรวจ,"From the patient actually wants to say. Hospital management system, bad cop In particular, the history of New Ross 2 hour 9:30 to 11:30, not many people line up before coming back. When asked to tell the system fails But others take a new card sent to investigate. Here say Social Security is? I do not want to get on the cover. Roy. 11:30've been to doctors, the nurses told me recently, just enough to check out the department said no doctor afternoon. I do not go to another day. Today I have a doctor check it out. Fire department to remove the original. The need to - to between 2 blocks, 2 around me sick, but doctors agree that it is great to go to the second division. Even better, hospital organizations, some of them more attention, we review the letter and advised very resistant because the doctor is really cute. Then an awful lot of people ... the social security hospital police.",2
ลูกชายนอนห้องพิเศษไม่มีพยาบาลเข้ามาดูแลเลย,Son sleeping room nurse took no care at all.,2
ตอนที่ไม่สบายหนักได้ไปรักษากับโรงพยาบาลหนึ่งมาแต่ก็ไม่หายเพราะเขาไม่ตรวจอะไรเลย จนมาโรงพยาบาลตำรวจเข้าฉุกเฉิน ที่นี่เอาใจใส่คนไข้มากบริการดีตั้งแต่กรอกประวัติยันรอตรวจ และคุณหมอก็ตรวจละเอียดมากจนรู้สาเหตุที่แท้จริงว่าเป็นอะไรแล้วคุณหมอก็แนะนำวิธีการรักษาอธิบายรายละเอียดของโรคที่เราเป็นให้ฟังอย่างละเอียด และก็ให้ไปชำระเงินแล้วก็รับยา พอชำระเงินตกใจมากว่าทำไมถูกมาก ทั้งตรวจ เจาะเลือด รับยา ค่ารักษา180เอง ซึ่งผิดกับรงพยาบาลแรกเข้าฉุกเฉิน เจาะเลือดเหมือนกันแต่ทำไมวินิจฉัยโรคไม่เจอ นี่คือสิ่งที่ประทับใจโรงพยาบาลตำรวจมากเพราะใส่ใจคนไข้ทุกระดับ และมีการบริการที่ดี แถมค่ารักษาถูกอีกด้วย อย่างนี้น่าชื่นชมเพราะเห็นชีวิตคนไข้สำคัญกว่าเงิน,"The discomfort is hard to maintain the hospital but did not because he did not check anything. The police came to the hospital emergency. This service is very good patient care, ranging from lean your resume pending. And your doctor determine the true cause of so much knowledge that it is the doctor's advice on how to maintain a detailed description of the disease, we are listening carefully. And then the payment is treated. I paid was very shocked as to why the blood examined drug treatment 180 itself. The main fault with the hospital emergency entrance. Blood same diagnosis, but why not. This is impressive because the police hospital patient care at all levels. And good service It is also worth keeping This is notable because the patient's life is more important than money.",5
ไม่ได้ฝากครรภ์ที่โรงพยาบาลตำรวจ แต่มีสิทธิ์ประกันสังคม ต้องคลอดก่อนกำหนดตอน 27 วีค ด้วยเหตุฉุกเฉิน ปลดภัยทั้งแม่และลูก คุณหมอและพยายาลทุกคน ทุกแผนกดูแลดีมากขอขอบคุณมากๆค่ะ,"Police have no prenatal care at the hospital. But is eligible, Social Security Be premature at Week 27 with an emergency. Unlock disasters both mother and child The doctor and the drug in people. All departments take care of very well, thank you very much.",5
ไปฝากครรภ์ ที่โรงบาลตำรวจ รอคิวแปบเดียว แต่พยาบาลพูดไม่ค่อยเพราะ,"ANC to the hospital, police Wait a minute But the nurses say they rarely",3
เป็นโรงพยาบาลที่ดี ยอมรับในเรื่องหมอเก่ง แต่ก็ยังคงมีความเป็นโรงพยาบาลรัฐ การพูดจาของบุคลากร หรือการบริการยังไม่ดีนักถ้าเทียบกับโรงพยาบาลเอกชน,A good hospital Accept the good doctor But still there is a public hospital. Parlance of personnel The service was also poor compared to private hospitals.,4
คลอดที่ร.พตำรวจ ดูแลดี พูดจาดี,The birth process. The police maintained a great speech.,4
จัดการคิวแย่ น่าจะมีการจัดระบบที่ดีและรวดเร็ว เพื่อรองรับผู้เข้ารับบริการได้อย่างเหมาะสม ควรลดขั้นตอน ขยายระยะเวลาในการตรวจรักษาโรคเฉพาะทางให้มากกว่านี้ เช่น ทันตกรรม รอครึ่งวัน ไม่ได้ทำ ทั้งๆที่ต้องไปรอคิวแต่เช้ามืด แต่แพทย์ออกเวร 12.00 น. ที่จอดรถก็ไม่เพียงพอ สถานที่คับแคบ ไม่ดีต่อสุขภาพอนามัย ควรปรับปรุงเรื่องการถ่ายเทอากาศของตึกเก่า,"Queue management systems, it is likely to have a good and fast. To accommodate the service should take appropriate steps to reduce the extension of time to make way for more specialized treatment such as dental waiting half a day, do not even have to queue early in the morning. But doctors off duty 12.00. Parking was not enough. Confined space Poor health Should improve the ventilation of buildings.",2
รอพบเพทย์นานมากๆ น่าจะจีดระบบนัดแบ่งเป็นช่วง ผู้ป่วยจะได้ไม่ต้องมารอแต่เช้า,Petrie was waiting for a long time. G-System is divided into the match. Patients will not have to wait for the morning.,3
มีโครงการตำรวจรักษาสุขภาพมาที่เขตลาดกระบังเราลงทะเบียนรักษาตรวจล่วงหน้าเป็นเดือนแต่วันมารักษากลับบอกว่าบัตรคิวเต็มแล้วทำไมไม่แจ้งว่าคุณพร้อมที่จะรักษาจำนวนเท่านี้เจ้าหน้าที่ที่เป็นตัวแทนจะได้ไม่ต้องหั้ยคนลงทะเบียนหั้ยเสียความรู้สึกวะ,"With the police maintain that the Lat Krabang, Bangkok Sign maintain check in advance for a month, but the treatment proved that queue is full, then why not tell them you are ready to maintain the same number of staff who represent do not have rooms with. rooms at the register me feel bad.",1
หมอและพยาบาลดูแลดีมากๆค่ะ,Doctors and nurses care very good.,4
หนูเยอะที่บรืเวณบนฝ้า ก่อนกลางตอนดึกมีเสียงรบกวนตลอดเวลา,I have at home or on the Web at the ceiling. Before the late night noise all the time.,2
วันนี้หมอนัดลูกมารับวัคซีนค่ะ มาตึกเด็กชั้นล่าง บอกให้ขึ้นมาชั้น3 มานั่งรอตั้งแต่ 6 โมงเช้า คิวแรก 8 โมงบอกหยิบสมุดให้ผิดสลับกับชื่อคนข้างล่าง เสียเวลาอีก ให้ลงไปเปลี่ยนสมุด ขึ้นมาต่อคิวใหม่ พอมาดูบอกไม่ได้คีย์ข้อมูลนัดไว้ต้องรอแฟ้มเอกสารอีก คนอื่นมาทีหลังได้ตรวจไปหมดแระ สุดท้ายแฟ้มมา 8:57 น. จากคิวที่ 1. ตอนนี้ได้คิวที่ สุดท้ายที่มาเร็วๆ ตั้งแต่ หกโมงเช้าเพื่อ ได้คิวสุดท้ายหรือค่ะ,"Today I shot the ball was not vaccinated. The building's ground floor Tells the story of 3 The wait queue from 6 am to 8 pm The first book I picked the wrong switch on the name below for more time to change the book. Up the new queue I can not say enough key information document must wait for another appointment. Others came later checked out to me. The last coming at 8:57. 1. From the queue, the queue now. Finally, coming soon from six o'clock to. Q. I have a final or",1
บริการดี มีแพทย์และพยาบาลมืออาชีพ แต่อยากให้มีบริการที่จอดรถ (เก็บค่าใช้จ่ายก็ยินดีค่ะ),"Good service, a medical professional. I like to have parking. (Storage costs, it's nice here).",4
คลอดลูกหมอดีมาก,Baby Doc is great,4
บอกเลยเป็นโรงพยาบาลที่คำว่าอำนวยความสะดวกติดลบมากๆเรื่องที่จอดรถ มีที่จอดมากพอแต่กันไว้สำหรับเจ้าหน้าหรือนายตำรวจเท่านั้นแต่เจ้าหน้าที่หรือนายตำรวจก็ไม่ได้มาจอดเต็มพื้นที่แต่กันไว้เฉยๆแทนที่จะอำนวยความสะดวกของประชาชนที่มาพบแพทย์ มากกว่า ผู้บริหารควรเอาเรื่องนี้มาคิดเยอะๆนะครับ เสียดายที่แม่ผมไม่ยอมย้ายโรงบาลไม่งั้นไม่เลี้ยวรถเข้ามาให้เหนื่อยหรอก,"He was told at the hospital that facilitate more negative about parking. There is a parking lot, but it is for officials or police officer, but the officer or police officer did not have parking space but it alone rather than the convenience of the people who come to the doctor over the management should fix this idea a lot. I Unfortunately, my mother refused to move the hospital I did not turn the car into a tired way.",1
สุดยอด,zenith,5
ดีค่ะ ปรับปรุงเปลี่ยนแปลงทุก 3 เดือน ก็ งง ๆ แต่ในทางที่ดีขึ้นค่ะ,"Well, it changes every 3 months, but I was in no way better.",5
คุณหมอพูดจาดีเอาใจใส่น่ารักมากค่ะ,"You speak well, there's pretty much it.",4
ขอบคุณพยาบาลที่ตึกเฉลิมพระเกียรติ ชั้น 11 ที่ดูแลผมเป็นอย่างดี เข้ามาดูอาการ ทุก 15 นาที ประทับใจครับ และขอโทษหมอด้วย ที่ผมชอบกวนหมอ และพูดไม่รู้เรื่อง,"Thanks to nurses at Complex Building, 11th Floor care of me very well. Signs every 15 minutes and I'm impressed with the doctor. I like to stir doctors And Maunder",4
รักษาคนธรรมดาไหมคับที่ไม่ใช่ครอบครัวราชการ,"Treat people like family, not just the government.",4
ก็ดีนิดนึง,Pleasant little,2
หมอใจดี,good Doctor,4
อยากทราบค่าฝากครรภ์ครั้งแรกคะ,I know that the first antenatal care.,1
คนเยอะมาก ไป6โมงเช้ส เสร็จบ่ายโมง พอถึงคิวหมอติดผ่าตัดซะงั้น แต่ก็ทำใจ คนของประชาชน,"Crowded to 6 pm Chesapeake finished afternoon when the cue stick, doctors surgery, but rallied so generous man of the people.",3
ดี,good,5
คลอดลูกที่นี่ ดีค่ะบริการดีให้คำปรึกษาดี,"Calve here Good service, good counseling.",4
เป็นคนไข้ที่ ร.พ.ตำรวจ อาการดีขึ้นเรื่อยๆ แพทย์ที่รักษา แพทย์หญิงพัสวี เก่งมากขอขอบคุณ คุณหมอที่รักษามาโดยตลอด ส่วนใหญ่ด้านบริการทุกๆด้านดีมาก,As the patient. May. Police recovered steadily. Doctors who treat Dr. METROPOLIS Thank you very much The doctor who treated throughout. Most aspects of the service very good.,5
ไปฝากท้องหมอบอกรัฐไม่สนับสนุนให้มีลูกเยอะ เห็นเพื่อนฝากฟรีเลยไปบ้าง แต่เราไปฝากเสียพันห้าพันหก มีมาตราใหนไม่เคยได้ยินว่ารัฐไม่สนับสนุนให้มีลูกเยอะแล้วให้จ่ายเงินเองทุกรอบ บอกจ่ายครังเก้าสิบนี่ปาไปพันหกคือไร?? ขนาดฝากครั้งแรกนะ,"ฝaktgag to tell the state not to have kids. I saw a friend go free. But we leave it to six thousand, five thousand. The Section has not heard that the state does not encourage people to have children and to pay themselves all around. Paid the nest ninety six thousand forests is going to do ?? Size your first deposit here",1
บริการด้วยใจคืออะไรคะ แม่ไปหาหมอไปถึงโรงพยาบาลตั้งแต่ตี4.30น. ไปตามที่หมอนัด คนแก่ด้วยยื่นบัตรคิวตั้งแต่ไปถึง พยาบาลพูดจาก็ไม่ดี เข้าใจนะคะว่าคงเหนื่อย คนก็เยอะ แต่คุณมาอยู่ในวิชาชีพนี้ตั้งแต่แรกคุณน่าจะเข้าใจนะคะ ว่าการบริการคนป่วยคือสิ่งสำคัญ ไปตามหมอนัด9.00แต่ได้เจอหมอ16.30คืออะไรคะ ตรวจไม่ถึง5นาทีให้รอรับยาคืออะไรคะ คนป่วยหมอนรองกระดูกนะคะไม่ใช่ปวดหัว แย่พอกันทั้งหมอทั้งพยาบาล เสียชื่อโรงพยาบาลจริงๆ,"What is a good service mind Go to the doctor to the hospital strike since 4:30 AM. According to the doctor's appointment Q filed with the older card from the. Medical parlance, it's bad I understand that people would be tired, but you have to be in this profession since you will understand it. The services that the patient is important. According to doctors, but I 9.00 16.30 met the doctor is here. Make a 5 minute wait to get a drug is not. The disc herniation and it is not a headache. Bad enough that the doctors and nurses. Really infamous hospital",2
โชคดีครับเจอะคุณหมอหนุ่มใจดีเอาใจใส่คนไข้ ขอบคุณครับ คุณหมอวสันต์ ซุ่นเฟื่อง เสียอย่างเดียวรอรับยานานเกินไป,"Fortunately, I met a young doctor caring, generous, patient, thank you Dr. Wasan Soon fertility drug was only waiting for too long.",4
เยี่ยมครับ,I visited,5
ดีมาก,very well,1
พยาบาลน่ารักทุกคนครับ,Nurses love everyone,5
ห้องตรวจโรคตาเมื่อก่อนเรียกตามคิวใครมาก่อนก็รักษาก่อน แต่เดี๋ยวนี้เปลี่ยนระบบเป็นเรียกตามหมอ ช้ามากกกกมีแต่คนบ่นๆกันเยอะมากค่ะ แล้วคนไข้ก็มีแต่ผู้สูงอายุทั้งนั้น อย่างนี้มาเร็วมาช้าไม่มีผลค่ะ แถมข้าราชการแซงคิวได้ด้วย (แนะนำให้ใช้ระบบเรียกตามคิวเหมือนเดิมค่ะ ยุติธรรมดี) จากผู้ใช้บริการเจอมากับตัวค่ะ ปรับปรุงด่วน,"Eye examination room on the queue before calling anyone before keeping it. But now the system is referred to by a doctor. Very slow, but a lot of people complain so much. Then the patient is getting older too. This does not come as soon as late results. Overtake the queue with officials (Recommended system run by the same queue not fair) from users faced with this update immediately.",2
มีทั้งบัตรฯและวงเงิยก้อน อนุมัติ5เท่าของเงินเดือนจ้าาา สมัครฟรี ไม่เสียค่าใช้จ่ายใดๆทั้งสิ้นตลอดชีพ,Both the card and the financial sphere and cube. Approved five times the salary Hgaaa register free of charge in any lifetime.,5
เคยใช้บริการมานานมากตั้งแต่ปี2545จนถึงปี2556เข้าๆออกๆเพราะสามีป่วยคุณหมอและพยาบาลทุกคนน่ารักโดยเฉพาะอ. พงศธร [คุณหมอโด้],"I take a lot from year 2545 to 2556 and out, because your husband is ill, the doctors and nurses were all lovely, especially the North. Pongsatorn [Dr. Dido]",3
เลิฟเลย,Love it,5
หมอห้องฝ่าตัดตา พูดจาดีมากยิ้มแย้มแจ๋มใส่ ชอบๆๆ น่ารักทุกคนเลย,A doctor cut through the eye Put very flattering smiling jam like I love everyone.,5
คุณหมอ น่ารักค้ะ,Doctor cute,5
พยาบาลน่ารักเกือบทุกคนคะโดยเฉพาะศูนย์ OSCC เหมาะสมแล้วที่เขาเลือกท่านมาอยู่แผนกนี้ใจดีคะ,"Cute nurse almost everyone here, especially the center OSCC appropriate that he chose you to be generous in this department.",5
เป็นสถานที่ดี พี่พยาบาลน่ารัก รู้สึอบอุ่นคาฟ,A great place I love nursing Kafka realized Tsushima Warm,5
ก็โอนะ,It's not,5
ลู กผมคลอดที่นี่ปัจจุบันนี้ 7มค 48 ครบ 9ขวบแล้ว,"Paul A. I was born here, today, 7 Jan. 48 after 9 years ago.",5
ขอบคุณหมอและเจ้าหน้าที่โรงพยาบาลตำรวจที่บริการที่ดี..ขอบคุณค่ะ,"Thanks to the doctors and hospital staff, the police service.. Thank you.",5
รู้สึกดี,feel good,5
พยาบาลแผนกฮุกเฉิน ไม่ชอบเลยคะ พูดไม่เพราะ นินทาคนไข้ พูดดูถูกคนไข้ เวรดึกวันที่13/8/57คะ รบกวนผู้ที่เกี่ยวข้องดูแลตักเตือนด้วยนะคะ รู้สึกว่าไม่ค่อยมีจิตสำนึกที่ดี สมกับที่ประชาชนให้ความไว้วางใจเลยคะ,"Nursing department Hook Chen did not like it because it's not gossip, belittling patient wards. Carpool night on 8/13/57 Anyone care related warnings too. I feel that a good conscience. Worthy of the public trust me.",1
จริงๆแล้วเป็นคนไข้ที่นี่ขอติหาห้องน้ำยาก/ร้านอาหารก็แออัดและแพง,Then the patient is asked to continue for a bathroom / restaurant was crowded and expensive.,5
บริการดีค่ะ ไปมาสะดวกที่จอดรถไม่มีก็ไปจอดที่สยามได้ค่ะ,Good service to the hotel parking was no parking at Siam it.,5
คุณหมอเก่ง,Dr. Wally,5
ดีใช้ได้ไม่แย่จนเกินไปและขอคุณมากๆที่ได้มาเยี่ยมชมขอบุณค่ะ,"Well, is not too bad and you have a lot of people would come to visit me.",3
ตรวจโรคทั่วไปและรักษาเกี่ยวกับท้องและอาการไอ,Diagnosis and treatment of abdominal and cough.,5
ดีคุณหมอบริการดี,"Good doctors, good service",5
ได้4ดาวมาได้ยังงัยคะ คนทำงานที่นี่ไม่มีจรรยาบรรณสักนิด บริการขั้นห่วย น่าจดจำมาก,4 stars out Onge it. People working here have no ethics at all. The service runs very memorable,1
บริการดึอยู่นะ,City services are not,3
กลัวมาก ติดอยู่ในลิฟเกือบ 20 นาที ตอนห้าทุ่มT^T มีปัญหาเรื่องลิฟตลอด ช้ามาก พอทน แต่ค้างนี้ไม่ไหวกว่าจะเปิดได้!,"Panic stuck in the elevator for nearly 20 minutes at five o'clock T ^ T. Have any lift is slow enough to withstand freezes, but this could not be opened!",1
รักษาเท่าเทียมกันไม่ว่าจะจนหรืจะมี สัมหรับผมชอบมากครับ โรงพยาบาลตำรวจ,Equal treatment or whether it will have. I like very much for the interview. Police Hospital,4
ฝากถึงผู้บริหารรพ พนักงานไม่สุภาพ คุยกับคนไข้ไม่เกียรติชักสีหน้า,Leave the Hospital Management Impolite staff Patients with seizures are honored expression.,1
มีเพื่อนอยู่ที่นี่ค่ะ.....บริการดีทุกคนค่ะ,There is good service here ..... Everyone.,5
เราไม่ชอบตำรวจเพระมันพวกทักสิน,We do not like police because they Thaksin.,1
โรงพยาบาลตํารวจดีที่สุดแล้วค่ะ,Hospital police best then.,2
รอหมอ 3 ชม. ได้เจอหมอไม่ถึง 5 นาที แถมหมอยังรีบอีก รอพบพยาบาลหลังพบแพทย์ 1 ชม. รอรับยา 2.30 ชม. สรุป อยู่ ร.พ.ครึ่งวันกว่า เซ็ง!!!,3 hours waiting for the doctor. The doctor has met less than 5 minutes to get to doctors more quickly. Hospital doctor after waiting 1 hour wait to get the pharmaceutical 2:30 hour on the summary. May. More than a half-day sick !!!,1
ช้ามากค่ะ มาตั้งแต่ 7โมง 14.56 น.ยังต้องรอหมอเรียก จะ 8 ชั่วโมงแล้วนะที่นั่งรอ นานไปปะค่ะ ปรับปรุงด้วยแย่มาก,"Very slow since 7 am-14.56 pm. The doctors will also have to wait 8 hours, then waiting a long time to cover it updated with the bad.",1
คือน้องชายเป็นไข้มารอมาเป็นชั่วโมงแล้วค่ะไม่เห็นเรียกตรวจอะไรเลยรอนานไปรึป่าวคะคุณหมอ..ถ้าป่วยใกล้ตายน้องกุคงตายแล้วล่ะ..แย่,"Fever is the younger brother had waited for hours, then I do not see anything, wait for the check to Dr. Pao me.. If I were dying sun would die then.. Worse.",1
บริการดีม๊ากๆ,Good service soon,3
ดีค่ะ,good,5
ดีที่สุดๆๆๆ หมอพยาบาลเอาใจใส่คนป่วยน่ารักกันทั้งโรงบาลเลยจ๋าๆ..,"The other doctors, nurses care for the sick in hospitals pretty well yes it ..",5
รักษาประจำ ไว้ใจได้ค่ะ,You can rely on regular treatment,4
"คุณหมอ..คุณพยาบาล..ที่นี่เก่งมากๆครับ ให้การดูแลรักษาเอาใจใส่ผู้ป่วยเป็นอย่างดี..โดยไม่เห็นแก่ความเหน็ดเหนื่อยเมื่อยล้า... เนื่องเพราะในแต่ละวันมีผู้เจ็บไข้ได้ป่วยเข้ามารับการตรวจรักษา..ค่อนข้างมาก... ซึ่งหนึ่งในนั้นมีญาติของผมด้วยได้มารับการตรวจ..พบเป็นมะเร็ง..และ..ส่งต่อไปที่ โรงพยาบาลจุฬาลงกรณ์.. ปัจจุบันอาการ..ดีขึ้นสามารถ ทำงานได้ตามปกติ ""ผมขอขอบคุณ..บุคลากรทางการแพทย์ทุกๆท่านเป็นอย่างมากที่ให้การช่วยเหลือ..พวกเราเป็นอย่างดี ขอบคุณครับ""","Doctor.. You nurse.. Here very much. Pay attention to the care of the patient as well.. Without the sake of tiredness ... Because each day with the sick to receive treatment.. Quite a lot ... One of which is with my cousin has been detected.. Found a cancer.. And.. Forward to. Chulalongkorn Hospital .. Current symptoms.. Can be improved. Function normally ""Thanks.. Medical staff, everyone was very helping.. We are very well thank you.""",5
คนเยอะ แต่มีระเบียบทุกๆๆด้านค่ะ รวดเร็วเป็นที่น่าพอใจค่ะ,But there are a lot of people through all aspects of it. Swift was pleasant enough,3
แพทย์และพยาบาลน่ารักมากครับ เอาใจใส่ดูแลผู้ป่วยดีมาก,Doctors and nurses love it. There's a very good patient care,5
เป็นการทำงานที่ล่าช้ามาก และไม่เอาใจใส่คนไข้,The work delayed And neglect of patients,1
น้องไปฝากท้องที่นี้ หมอนัดที่ไรเจอพยาบาลคนี้บอกแต่ให้ย้ายกลับไปคลอดที่บ้านนอกจวนจะคลอดอยู่แล้ววันนี้หมอนัดอีกมันยังบอให้ย้ายไปคลอดที่บ้านจะได้ไม่เสียเงินเยอะ แต่หมอกลับบอกจะย้ายทำไมใกล้จะคลอดแล้ว ตกลงอีพยาบาลคนนั้นมันเป็นอะไรมากหรือเปล่า บอกไว้เลยเดี๋ยวมึงเจอกู ไปที่ไรไล่ทุกทีด่าทุกครั้ง อีสันขวานจรรยาบรรณในวิชาชีพมีเปล่า หมอพูดแนะนำดีแต่พยาบาลเหี้ยมากมึงต้องเจอกู,"Went to this ฝaktgag Doctor's appointment at the hospital I was told to move back to the birth, but the country is now virtually confined to a doctor's appointment, it is being moved to a home birth will not lose money. But the doctor tells you to move closer to delivery. E nurses agreed that it is nothing more or nothing. Do you want me to tell them no. However, to pursue every damn time. E. Ax's professional ethics are not. Doctor's advice, but I care a damn lot of you have come across.",1
^สะดวก สะอาด ปลอดภัย ใส่ใจบริการ^,"^ ^ Convenient, clean and attentive service.",5
เคยไปบริจาคเลือดเจ้าหน้าที่ต้อนรับดี,"Been to donate blood, the official reception.",5
มาคลอด3คนและถ้าไม่ดีคงไม่มา,"Birth to 3 people, and if it does not come good.",4
วันนี้ไปโรงพยาบาลนอนรอตั้งแต่ 2 ทุ่มจน 4 ทุ่มก็ยังไม่ได้รักษาเลยนะคะ เพราะโดนแซงคิวอ่ะค่ะ ทำไมไม่ตามคิวล่ะคะรอ 2 ชม เลยนะคะโมโหมากเลย ปรับปรุงด้วยนะคะมาก่อนแต่โดนแซงคนมาทีหลังรักษาเส็ดจนกลับบ้านและนี่ยังไม่ได้ทำไรเลย คือถ้าตามคิวแล้วยังช้าก็พอเข้าใจนะคะแต่นี่นอนรอ 2 ชม. เพราะโดนแซงอ่ะค่ะ ปรับปรุงด้วยนะคะ!!!! (พยาบาลเป็นคนแซงคิวให้คนอื่นก่อนค่ะที่รู้เพราะรอนานแล้วให้ป้าไปดูให้ค่ะ),"Today the hospital bed waiting since 2 pm until 4 pm, it still does not cure it. I'm here because overtaking the queue Why not wait for the queue anyway 2h me very angry. Updates with it before, but not overtake the subsequent treatment of the Moon home and this has not been made yet. If the queue is already slow enough to understand it, but this is a 2 hour wait. I do not overtake it. Updates with it !!!! (Saint nursing a queue for someone else before you know it, then wait for the forest to look for it).",1
ขอกราบขอบพระคุณ คุณหมอ พยาบาล และเจ้าหน้าที่ที่เกี่ยวข้อง ของตึกข้าราชการตำรวจ สูตินารีเวช เฉลิมพระเกียรติ กาญจนาฯ ฯลฯ ที่ให้ความสะดวกสบาย ให้การดูแล ให้ความเข้าใจเป็นอย่างดี ในการปฎิบัติหน้าที่พาผู้ต้องขังไปรับการตรวจรักษา และเข้าเวรฯ เฝ้า ผู้ต้องขังนอนรักษาตัวเป็นคนไข้ใน ของเจ้าหน้าที่ราชทัณฑ์ (ผู้คุม)มาโดยตลอดค่ะ,"Thank you, doctors, nurses and staff involved. Police block of Obstetrics and Gynecology Kanchana's honor, etc., that provide comfort care for the understanding as well. To perform duties took inmates to the doctor on duty and guarding the prisoners treated as an outpatient. Of correctional officers (Warden) has always been here.",5
ไปบ่ถึกตอ้งนังแท๊กซีมา..โอ้เปิด11.00น.ขอบอก,"Primitive, referring to Bo Han taxi.. Oh, opened 11.00. Say.",5
รับการรักษาเพราะความจำเป็น ถ้ามีโอกาสเลือกได้ ก็จะไม่เลือก รพ. นี้,Because of the need for treatment If a choice is not to choose the hospital now.,3
ถุย........ย,Spit on ........,1
ถ้าไม่มีคุณเราคงแย่ ต่อให้คนไข้เยอะขนาดไหนคุณหมอและพยาบาลยังยิ้มแย้มแจ่มใส เอาใจใส่คนไข้ดีมากๆ,If you are still bad A lot of patients where doctors and nurses still beaming. Good patient care,5
ทั้งพยาบาลทั้งหมอปัญญาอ่อนระดับเดียวกันเลย ! พยาบาล 0.2/10 พูดจาเหี้ยมาก พูดไม่ชัด พูดเบา พูดจาได้ส้นตีนมาก หมอ 0.1/10 วิเคราะห์ได้เหี้ยมาก เจ็บหัวเข่ามาหลายปี ให้ยาแก้อักเสบมากิน. สรุปค่ายาแก้อักเสบ 490 บาทไทย ~ (ตรวจเป็นหรือเปล่า ?) จับฉลากมาเป็นหมอใช่ไหม ? ตอบ !!,"Both nurses and doctors the same moron! Nurses 0.2 / 10 very flattering damn slurred speech, spoke softly spoken doctor was very heel 0.1 / 10 analysis damn much. Sore knee for many years, Antibiotics to eat. Summary of the antibiotics Thailand ~ 490 baht (make it or not?) Draw a doctor, right? Reply !!",1
หมอเก่งมากค่ะลูกชายผ่าไทรรอยด์ด้วยการส่องกล้อง1วันผ่านไปก็ฟื้นตัวเร็วมากพยาบาลที่ห้องพิเศษก็ดูแลเป็นอย่างดี,"Doctors are very good sons through Sai steroids with laparoscopy one day to recover, it's very special nurse who took care of as well.",4
ดีๆๆๆๆ,Good things,5
ลูกเราเกิดที่นี้ทั้ง4คนก็บริการดียู่,Our children were born here and 4 were subjected to poor service.,2
พยาบาลใจดีทุกคนเลยผมนี่ยังอยากกลับไปนอนโรงบาลนี้อีกลอบเลยครับ,Nursing generous people I still want to stay in this government assassinated here.,5
ทุกอย่างโอเคดี แต่แผนกฉุกเฉินกะดึก พวกที่นั่งโต๊ะข้างหน้าที่ติดต่อเนี่ยที่เป็นตุ๊ดนิสัยต่ำมากๆพูดเลย,"Everything okay good But emergency night shift They sat a table in front of us like a transvestite character is very low, say it.",2
ฝ่ายรับยาพูดจาดีมาค้ะ ส่วยอีจุดต้องรับเนี่ยพูดจาแย่มาก แล้วก็ฝ่ายฉุดฉิบ,Defensive medicine flattering to me. I have been a flattering tribute E. terrible. And then omitted traction,4
คุณหมอฉุกเฉินบริการดีมากคะ เว้นแต่ เจ้าหน้าที่ตรงฝ่ายต้อนรับ ขี้นินทาคนไข้ พูดจาเหวี่ยงวีน โดยเฉพาะคนที่เป็นตุ๊ดตัวอ้วนๆ อบรมเจ้าหน้าที่บ้างก็คงจะดีกว่านี้,"Emergency medical service is great, except that the staff at the reception. Penny gossip patients Lavigne spoke cast Especially one who is a transvestite fat. Some staff training would be better.",2
ดีครับ.... ...............................,Good .... ...............................,5
ห้องพิเศษดีมากสมราคา แต่คนไข้แอดมิดไม่มีกระเป๋าของใช้ให้เลย พยาบาลอัธยาศัยดีมาก,The extra room is great for the price AD patients but not the biggest bag of used to it. Nurses are very hospitable,4
เราว่าโรงบาลนี้โอเครนะ ฝ่ายสูตินารี บริการดีมาก ชอบเลย ฝากที่นั่น คลอดที่นั่น ใส่ใจคนไข้ดี,"That is okay, the hospital's obstetrical department service is great, like I was born there, better patient care.",4
เราเคยไปรักษามาดีมากตอนนี้เตรียม ไปรักษาอีกแล้วป่วยอีกแล้วต้องไปฝาก ชีวิตอีกรอบหนึ่ง,We've been treated very well prepared now. To treat more patients then have to leave. Relive the Past One,5
หาที่จอด ยาก สัสๆ ขนาดตำรวจ นะเนี่ย รปภ. แม่ง ยังไล่,Parking is hard to find any sign of a police'm Security. Still chasing your mother.,1
ก็ถือว่าดี ระดับหนึ่งโดยเฉพาะแผนกฉุกเฉินถือว่าดีเยี่ยม,"It is considered a good one, especially for emergency departments is excellent.",5
ใช้บริการมาตั้งแต่อยู่มัธยม,Service from high school,4
บริการดี..^_^,Good service .. ^ _ ^,5
ทำงานช้า ไม่สนใจคนไข้ แย่ๆๆๆๆ รุ้สึกไม่พอใจ เปลี่ยนแน่นอนไม่มาใช้สิทที่นี่แน่,Patients do not slow any worse feeling dissatisfied. Change is definitely not used to it at this time.,1
ลูกทั้ง2คนไม่สบายหนักนอนโรงพยาบาลคุณหมอกับคุณพยาบาลดูแลดีมากค่ะพูดจาไพเราะน่ารักขอบคุณมากนะคะ,"2 children who are not comfortable with your doctor, your hospital intensive care nurse is very captivating eloquence Thank you very much.",5
คุณหมอ และพยาบาลที่นี่กันเองดีมาก พูดจาก็เพราะ (จพง.เฝ้าป่วย รจพ.กทม.),"Doctors and nurses here are very friendly, speak good because (the undergrowth. The patients watched the Cup. BKK).",5
ดีเยี่ยม,superb,5
สุดยอดโรงพยาบาล,The Hospital,5
บริการดีนะ ...แต่รักษาไม่ดีขึ้นเลย เจ็บขึ้นทุกวัน..,Good service ... but no treatment is better. Hurts more every day ..,1
ไม่รู้ดิเพื่อนว่าดีก็คงจะดี,The friend did not know how good it would be nice.,5
กูบอกคำเดียว ห่วยแตก เด็กปวดไส้ติ่งนอนจะตาย หมอไม่ทำเหี้ยไรเลย คิดว่าไม่มีปัญญาจ่ายหรอ,"Say one word, pathetic children appendicitis pain lay dying. I do not do any damn I think, no pay",1
บริการดี สุภาพ พูดจาดี พยาบาลเอาใจใส่คนไข้ดูแลให้ความสะดวก แม้ว่าจะดึกแค่ไหน,"Good service, good English speaking nurses caring for patient care facilities. Although late",5
หมอเก่ง พยาบาลเป็นมิตร แต่ที่จอดรถมีน้อยต้องมาแต่เช้า,Wally Doctors Hospital friendly But parking is a little early.,4
อะไรที่เป็นของราชการน่าจะรอนานมากทากเลยเปนคนไปมาหลายจังหวัดอยู่แล้วเดิทางตลอดแม้แต่หาดใหญ่,What the government should not wait so long slugs as many people to the Thien province is even throughout London.,3
ลูกปวดไส้ติ่งที่นี่บริการดีจริง ไม่เข้าใจตรงไหนถามได้พูดจาดี ขอบคุณจริงๆ ขอให้บริการเป็นที่พึ่งประชาชนต่อไปครับ,"The pain is appendicitis, good service. I do not understand how things are really good thanks to the service's reliance on it.",5
คุนหมอพูดเพราะ น่ารัก บริการดีเกือบทุกคนเลยค่ะ /รปภ.ควรปรับปรุงนิสนึงน๊ะค่ะ,"Kun said the doctor because I served well, almost all of it. / Security. Sunnis should do it.",4
แย่ทุกอย่างคะจบไม่โอเครทุกอย่างคะช้าๆๆๆๆมากหน้าตาพนักงานก็เหมือนเมนส์ไม่มาคะ,"Everything bad that's not the end of it all, very slowly, so it looks like Siemens employees do not come here.",1
คลอดลูกสาวคนโตที่นี่คะบริการดี ราคาพอไหว.,The eldest daughter born here good enough for me.,5
แค่เดินผ่านเฉยๆ,Just went through,5
พยาบาลพูดจาห่วยแตก่หมาไม่แดกมากๆครอบครัวแฟนของพี่สาวเราเดินทางมาเที่ยวที่ไทยแต่เกิดอุบัติเหตุรถตุ๊กๆคว่ำถูกนำตัวไปรักษาที่ร.พ.ตำรวจและจะขอย้ายไปร.พ.กรุงเทพแต่พยาบาลร.พ.ตำรวจพูดจาดูถูกมากๆว่ารู้มั้ยว่าร.พ.กรุงเทพมันแพงมากจะมีตังจ่ายหรออย่างนู้นอย่างนี้แล้วตลอดเวลาที่รักษาก็พูดจาหมาไม่แดกเอาง่ายๆว่าดูถูกอ่ะและก่อนย้ายมาร.พ.กรุงเทพก็จ่ายค่ารักษาของร.พ.ตำรวจ3แสนกว่าเกือบสี่แสน นี่หรอไม่มีปัญญา เค้าเปนแขกบ้านแขกเมืองแท้ๆแทนที่จะต้อนรับดีๆ เสือกพูดจาดูถูกคนอื่นซะงั้น ดีออก,"Nurse talking crap, but the dog does not sit very family, girlfriend, sister, we traveled to visit Thailand, but accidents tuk upset, was taken to preserve the drive. May. Police and transferred to HMS. May. BANGKOK, however. nurses Assoc., May. police insulted so much that you know of. May. Bangkok is very expensive to have a gluten-free really are talking like this all the time treatment was saying I do not typically take one to insult me ​​and the first move. the devil. May. Bangkok is the pay. Education of the day. May. 3 lakh police nearly four hundred. This does not mean intelligence But as a visitor rather than a real welcome here. Obtrusive insulted the other stuff out.",1
อยากทราบว่าฝากครรภ์พร้อมตรวจสุขภาพพ่อและแม่ของเด็ก ใช้ค่าใช้จ่ายประมาณเท่าไหร่ค้ะ,I note that the antenatal check-ups with the parents of the child. How much is the estimated cost.,5
บริการดีมากค่ะ ใส่ใจ ถึงคนไข้จะเยอะก็พูดจาดี คุณหมอน่ารักพูดจาดีสนใจคนไข้ ประทับใจที่สุด,"Service is very attentive to the patient, it is very flattering. You speak pretty good patient care. most impressive",5
มีคนป่วยเยอะมากๆ ดีที่มีดนตรีสดเล่นให้พังกันนะคราฟ!!!!,"There are a lot of sick people Well, there's live music to punk me koi !!!!",5
มารับการบริการทางการแพทย์ที่นี่ประทับใจทั้งแพทย์ พยาบาล มีความเป็นกันเอง ดูแลคนไข้เป็นอย่างดี เครื่องมือก็ทันสมัย,To receive medical services at the medical clinic here are friendly. Outpatient care as well It's modern engines,4
เคยใช้บริการตอนคลอดลูพอใช้และดีไม่ถึงกับดีมากเพราะบางคนไม่มีจิตอาสาและจรรยาบันในหน้าที่ถึงเลือกประติบัติกับผู้ป่วยที่ไปใช้บริการแต่แพทเก่งคะ,"Never use the baby blue and some bad with the good, because some people do not volunteer and ethical duty to save the discrimination against patients who use the service, but I like Pat.",3
เลือกปฎิบัติ,discrimination,2
ไปครั้งแรกทำใจแล้วค่ะ คิดว่าต้องเสียเวลาทั้งวันแน่ๆ ผิดคาดค่ะ เสียเวลาเพียงครึ่งวัน ได้ทำคลื่นไฟฟ้าสมอง และultrasound สมอง. ไม่ผิดหวัง ลบภาพพจน์ระบบราชการแบบเดิมๆ ไปเลยค่ะ,First come to me The thought of having to waste time on me that it is just a waste of a day. EEG has made Ultrasound and brain. Do not disappoint negative image of traditional bureaucracy to do it.,5
บริการดีมากๆครับเป็นกันเองดุจญาติ,"Very good service, friendly like family.",5
ไปหาหมอมาแล้วดี,"Well, then go to the doctor",5
ผมไปตรวจร่างกายไปทำงาน จนท เขาก็บริการดีและสุภาพเรียบร้อยดีครับ,I went to work the body until he was good and modestly good.,5
รู้สึกดีคุณหมอและพยาบาลไห้การรักษาดีมากขอขอบคุณคุณหมอและพยาบาลมากค,"You feel good doctors and nurses, the harshest treatment is very good, thank you a lot of doctors and nurses.",5
ดีดี มั่กเลย,Good mak yet,5
อยากทราบว่าฝากท้องต้องไปวันไหนค่ะ รึว่าไปได้ฝากได้เรย,I know where I need to go ฝaktgag. I was going to leave the race.,3
พูดได้คำเดียวห่วยมากๆๆๆ,I was just really very bad.,1
ก็ดีน่ะ,fine,5
ทุกคนใจดีมาก,Everyone is very kind,5
ประท้บใจที่สุดและขอบคุณผู้บริหารที่ใช้งบเพื่อการฝึกอบรมผู้ดูแลผู้สูงอายุหลายๆรุ่นพวกเราออกไปรับใช้ประชาชนแล้วเรียบร้อยค่ะ,"Protest the heart and thanked the administration budget for training caregivers, many models are out to public servants already done.",5
การให้การบริการดีครับใช้เวลาไม่นานอย่างที่เราคิดการเดินทางใช้รถยนต์นั่งสาธารณะไม่ต้องไปหาที่จอดครับ,Providing good service did not take long as we think travel is a public car park does not have to find it.,1
ตอนแรกนึกว่าบริการไม่ดีแต่เมื่อ2 สัปดาห์ก่อนพ่อผมไปผ่าตัดเส้นเลือดหัวใจตีบ ปรากฏว่าผ่านพ้นๆปด้วยดีหมมอที่นี่เก่งและมีความเชี่ยวชาญมาก พยาบาลก็ดี อัธยาศัยดีมาก โดยเฉพาะพยาบาลที่ตึกแอ๊คโค่หัวใจชั้น6 ห้องICU ดูแลเอาใจใส่ดีมาก นิสัยดีและน่ารักทุกคน ผมให้5ดาวเลยครับ,"I think the service is good, but two. Weeks ago my father to coronary artery surgery. It appears that over the years with the service module is adept and skilled nursing very pleasant, very courteous. The hospital building ACCO 6th floor ICU, cardiac care is very good. Nice and lovely people. I give it 5 stars",5
ตำรวจก็ต้องดูแลตำรวจก่อนนะครับจะได้รีบไปรับใช้พี่น้องประชาชนครับพี่น้อง,Police officers had to take care of before I would hasten to serve the people Brothers.,5
เคยพาพ่อมารักษานะ พยาบาลใจดีค่ะ พ่อใส่เฝือกที่ขาเพราะอุบัติเหตุรถชน พักอยุ่เป็นเดือนเลยบริการดีค่ะ,"Dad used to take me to heal I Heart Hospital I put a cast on the leg due to a car crash. Staying a month, but the service good.",4
อาชีพพยาบาลเป็นอาชีพที่ควรทำด้วยใจ เห็นอกเห็นใจผู้ป่วย แต่ที่เจอพยาบาลบางกลุ่มที่โรงพยาลนี้ทำให้พูดไม่ออกเลยทีเดียว อยากแนะนำให้กลับไปเอาจรรยาบรรณพยาบาลมาอ่านหลายๆรอบนะคะ,"Nursing is a profession that should be done with the mind. Compassionate patient I met some nurses at Pial this wordless ever. I recommend to my readers, many medical ethics around it.",1
ก้อไงๆๆละ,I think it was,2
คอยนาน.ไปหาหมอที่ไรเที่ยงกว่าจะเส็จพอเสร็จจากตรวจแล้วติดเที่ยงอีกรอยาส่วนมากช้าตรงที่รอยา,Waited a long time. I am a doctor who will then check the satisfactory completion of Ese stuck waiting at a much slower drug at the pharmacy waiting.,3
บริการห่วยมากๆ,Very poor service,1
ดีคับ,good,5
การสอบถามข้อมูล การได้รับข้อมูลเป็นไปอย่างดีและไม่ล่าช้า บริการทางการจอดจักรยานที่ได้รับก็ดี ความสดวกสบายสถานที่ไม่อึดอัดและแออัด สอาด เป็นที่สำคัญมากคะ,Inquiries The received data is going well and without delay. Official bike has been good. Freshness comfortable not uncomfortable and crowded places clean is very important to me.,4
ผ่าคลอดไม่ประทับใจ ช่วง หายใจไม่ออกไม่บอกเลย เกือบตายเย็บแผลห่างมาก ชุ่ยมาก ี แผลผ่าฉีกเป็นหนองไล่ไปหาที่ล้างแผลเอง หมอไม่มาดู เจ็บแผลลุกเองยังไมค่อย่ได้ร่างกายไม่แข็งแรง ้ให้เลี้ยงลูกเอง เดินไปห้องน้ำยังเดินไม่ค่อยถนัดหน้ามืด เกือบเป็นลม จะไม่มีการฝากท้องผ่าคลอดที่นี่อีก ยังดีที่หมอดูแลเกี่ยวกับเด็กเล็ก ดีแต่ทำไมลาออกกัน แย่จริง ู ู,"Cesarean was not impressed by the range of suffocation, do not tell me. Nearly died stitches away much more casual gear tore through a wound festering wound itself out to the doctor does not see his own wounds, has also slightly unhealthy body. If the child itself Also went to the bathroom uncomfortable dizziness, fainting almost no ฝaktgag caesarean sections here. The good doctor caring about young children. But why leave a bad real clients clients.",3
หมอบอกว่าถ้าเป็นพ่อหมอๆก็ต้องทำอย่สงนี้ คำนี้ให้ห้าดาวเลยค่ะ,"The doctor said that if the father is a doctor, they have to submit this example. This five-star to me.",5
ไม่โอเคหมอตรวจแบบ..,Moss is not okay investigation ..,1
ผลตรวจสุขภาพประจำปีเดือนกว่าแล้วยังไม่ทราบผล,The annual health check than a month and still not know the results.,2
ผมไม่รู้ใครมาโรงพยาบาลตำรวจแล้วเจออะไรกันบ้าง ผมอยู่ยะลาใช้บริการตั้งแต่ห้องฉุกเฉิน เอ็กซ์เลย์ ห้องสวนหัวใจ หอผู้ป่วยccu ขณะนี้ผ่านมาจะครบ1ปีแล้วทุกๆ3เดือนผมต้องขึ้นไปรับยา ห้องบัตร ห้องตรวจวัดความดัน ห้องตรวจอายุรกรรม ผมได้รับการบริการที่ดีถึงดีมากมาตลอด ขอบคุณ นายแพทย์ อนุรักษ์ คุณหมอใจดีและพยาบาลทุกๆท่านและทุกๆแผนกมากครับ ปล.ยิ้มเยอะๆใครไม่ยิ้มให้เราชั่งเขา เรายิ้มให้เขาเราสุขใจก็พอ,"I do not know who I'll see what the police hospital. I Yala is available from the emergency room, cardiac catheterization X Lay ccu ward will now last for 1 year and then every 3 months, I need to get drug cards room pressure monitor. Lab Medicine I received the good to very good throughout thanked Mr. Greenway Medical doctors and nurses every kind and every department too. PS. I do not smile much we hated him. I smiled at him, happy enough.",5
ผมโชคดีที่ได้มารักษาที่นี่ได้พบแต่สิ่งดีๆที่นี่ทั้งหมอและพยาบาล เคยผ่าตัดเปลี่ยนแก้วตาสองครั้งและอีกสองครั้งจอประสาทตาหลุดและเมื่อไม่นานนี้ผ่าตัดต่อเส้นเอนที่ขาดที่หัวไหล่ขวาทุกวันนี้หายดีแล้วเป็นความโชคดีของผมๆมีแต่คำชมไม่รู้จะติอะไร ต้องขอขอบคุณๆหมอปราสงค์ ปราสาททอง ที่แนะนำให้มาที่นี่ ขอบคุณจากใจจิงๆครับ,"I was lucky to get treatment here, but what I have found here, both doctors and nurses. Corneal replacement surgery twice, and twice the retina detached and recent surgery on a broken right shoulder leaning recovered and today is your lucky, but I have nothing left to praise it. Thanks to Dr. Prasad, thanks to the gold castle here. Appreciate each other.",5
ขอขอบคุณ คุณหมอและพยาบาลแผนกตา ผู้ป่วยคุณสังเวียน รถเข็นค่ะ,"Thank you, doctors and nurses, eyes front. Patients Arena your cart.",1
เงียบสงบ สยบความเคลื่อนไหว,Crushing peaceful movement,4
บริการดีคับ,Good service,5
คนไข้แน่นมาก แออัด ดูสับสน น่าเวียนหัว แต่คุณหมอพูดจาดี อธิบายชัดเจน,"Patient, very tight, congested confusing sickening, but the doctor explained things very clearly.",3
ไปใช้บริการมา 2 ครั้งคุณหมอ พยาบาล รวมทั้งพนักพูดจาเพราะคะ ครั้งแรกที่ไปไม่รู้อะไรเลย ก็ต้องมีการสอบถามตลอดทางเลยคะห้องนี้อยู่ตรงไหน ต้องทำยังไงต่อ ทุกคนตอบคำถามแล้วลงท้ายด้วยคะ ครับ ตลอด ประทับใจคะ คุณหมอก็ให้คำแนะนำดีมากคะ,"To use the service for 2 doctors, nurses and backrest speak for me. The first to do anything. I have to ask for it in all the way, this is nowhere. To do the Every question I am always impressed me end with my doctor gave me very good advice.",4
ได้รับการดูแลที่ดีค่ะ,Care has been good.,5
ขอบคุณครับที่ดูแลเรา,Thank you for caring for us,5
พยาบาล ส๊วย สวย 11/12/57 time 19.00 น. ห้อง1118,The nurses were pretty 11/12/57 time 19.00 am. Room 1118.,5
ได้5ดาวมาได้ยังไง ผีมากดให้หรือป่าว,It also has a 5-star. Ghosts or not to press,1
ที่นี้แหละที่รักษาผมจนหายจากอุบัติเหตุรถชนกัน,I maintain that it is that it was an accidental collision.,5
เคยไปหาหมอตอนกางคืนเจอหมอกะเทยพูดจาม่ดีเลยม่สมควรเปนหมอด้วยซ้ำ,"Go to the doctor now spread across the night doctor Straight Talk does not deserve to be a good doctor, too.",1
บอลิการดีมาก,The metabolic Good,3
"เวลานี้กำลังเข้าพักอยู่ที่ตึกเฉลิมโรงพยาบาลตำรวจค่ะได้รับการบริการและวาจาทีไม่ดีจากพยาบาลชั้น8ค่ะชื่อ รตทหญิงอุษา ศรีโมรา,รตอ ภทราพร หงษ์ดำเนินใช้ตำแหน่งคิดว่าใหญ่มาจากไหนเหรอค่ะ..พูดจากับคนดีๆก็ได้ค่ะไม่ต้องกระแทกกระทั้นแสดงกริยาเลวๆหรอกค่ะสมัยนี้นะเค้าไม่ทำกันแล้วค่ะกริยาอย่างที่คุณทำองค์กรเสียหายหมดคนดีจะพลอยเสียชื่อไปด้วย","This time was staying at the building celebrated hospital that has been serving verbally and poor medical grade 8 my name is Trevor's women Daybreak Sri Mora, the stump Police Traffic Act Hong undertaken placements think. most came from waiting.. talk to people when I do not have to slam Show verb bad on it today, I do not do well then the verb, as you do, and damage to one prescribes a name to go with.",1
ใครมีประกันสังคมยกเลิกไปเถอะ..นานโครต....ไม่ดียาก้อเกรดต่ำ,"I have canceled my Social Security.. Long cattle drive .... not good medicine, but a low grade.",1
บอกตรงๆนะครับ ที่จอดรถเนี้ย มีไว้บริการหมอ กับพยาบาลระดับสูงๆอย่างเดียวไช่ใหมครับ คนที่เค้าป่วยมาหาหมอไม่มีที่จอดรถให้หรอก หมอกับพยาบาลมีที่จอดรถคนละสองสามคัน คนทำงานระดับล่างคนมาโรงบาลไม่มีที่ให้ ถามจริงไว่าคนมาโรงบาลวันหนึ่งเป็นพัน มอไชค์มีเป็นสองสามร้อย คิดได้ไงไล่ให้ไปจอดในกรงแคบๆแค่ห้าสิบคันก็เต็มแล้ว บอกว่าจะเป็นโรงบาลระดับอินเตอร์ แค่บริหารจัดการรถยังทำไม่เป็น ถามจริงว่าโรงพยาบาลนี้ บริการ ประชาชนหรือใคร?,"Tell me Parking racism A doctor service Nurses with higher levels of the same sex rather good. People who come to the doctor, but the sick do not have a parking garage. Doctors and nurses are parking spaces for each couple. The basic function of a hospital that does not have to. Awea actually asked people to the hospital one day a thousand. Shaykh Moss had a few hundred. I think the chase to land in a narrow cage just five cars were full. Said to be international hospital. Managed to make a car. The real question is whether or not the hospital is a public service?",3
บริการดีรวดเร็วทันใจค่ะ แต่หาที่จอดรถยากมาก,"Good service, fast enough It's very difficult to find parking.",5
ผมประทับใจนะครับบริการดีพยาบาลให้คำแนะนำ พูดเพราะหมอก็โอเค,I was too good medical advice. The doctor says it's okay,4
ในส่วนบริการประกันสังคม ดีอยู่นะ,The social security services are not good.,4
ขอบคุณครับ เป็นกันเองเช่นญ่ติสนิท,Stay as close relatives.,5
คุณหมอรักษาดีค่ะ แต่พยาบาลพูดจาไม่ดีเลย,You treat me good But nurses do not speak good,5
บริการดีมาก..รักษาโรงพยาบาลนี้มาแล้วค่ะ,Very good service.. This hospital was treating me.,5
ผมเคยเป็นคนไข้ของ น.พ ชาญชิตและ น.พ ราชิต ยศและนามสกุลของท่านทั้งสองผมจำไม่ได้ฝีมือด้านศัลยกรรมกระดูกระดับอาจารย์หมอ ขอขอบคุณสำหรับการรักษาครับ,"I've been a patient of John. K. Chan and impassable. The Cratchit rank and surname of you two, I do not remember a teacher skilled orthopedic doctor. Thank you for keeping me",5
คุณหมอกับพยาบาล น่ารักทุกคน บริการเยี่ยม. เจ้าหน้าที่ทุกคนด้วยนะ,Doctor with a cute nurse every service visit. All officials too,5
สักแต่อยากมีลูก..โง่ขนาดไม่รู้ค่า ฝากท้อง เท่าไหร่...สมกันแล้วโง่กะแกล้งโง่ อย่าลืมให้ฝ่ายชายไปตรวจDNAด้วยนะว่าใช่หรือเดียวโง่ซ้ำซ้อน 56666,"But I want to have children.. Stupid ... do not know how much money the ฝaktgag then I pretend stupid, stupid. Do not forget to check the man's DNA with that same stupid or redundant 56 666.",3
เป็นที่ ที่ดีที่สุดคะ ขอบคุนจากใจ(ที่ชั้น6ตึกเฉลิมพระเกียร)พี่หมอและพี่พยาบาลคะ,"It is best Thank you from the heart (the 6th floor of the building celebration gear), but doctors and nurses do it.",5
บริการดีมากเลยค่ะ,Service is very good,5
พยาบาลที่นี้เค้าจับฉลากมาเป็นรึเปล่าคะ มารยาทนี้ไม่มี พูดจาเลวมาก สักแต่ว่ามาทำงานไม่มีจรรยาบบรรณ พุดกับคนไข้อีกอย่างไปพุดกับหมออีกอย่าง ตึกอุบัติเหตุชั้น 12 ปากดีมาก ทั้งพยาบาลทั้งพนักงานทำความสะอาด,"This nurse would draw me into it. Etiquette is not just only talk bad work ethics, not the editors. Talk with other patients to talk to the doctor again. Emergency Building, 12th Floor of mouth is very good, both nurses and cleaning staff.",1
ใครมาโรงบาลนี้ มาตอนกลางคืนนะครัฟ กลางวัน หมอพยาบาล ห้วยแตกมาก,"I came to this hospital At night it was very rough day, doctors, nurses stunk.",1
อยากรู้ราคาการฝังยาคุมของโรพยาบาลตำรวจค่ะ,What price embedding of drug control plants. Police have,5
บอกเลยเป็นโรงพยาบาลที่คำว่าอำนวยความสะดวกติดลบมากๆเรื่องที่จอดรถ มีที่จอดมากเลยแต่กันไว้สำหรับเจ้าหน้าหรือนายตำรวจเท่านั้นแต่เจ้าหน้าที่หรือนายตำรวจก็ไม่ได้มาจอดเต็มพื้นที่แต่กันไว้เฉยๆแทนที่จะอำนวยความสะดวกของประชาชนที่มาพบแพทย์ มากกว่า ผู้ยริหารควรเอาเรื่องนี้มาคิดเยอะๆนะครับ,"He was told at the hospital that facilitate more negative about parking. There is a parking lot, but it is for officials or police officer, but the officer or police officer did not have parking space but it alone rather than facilitate the public to see a doctor than an executive should be factored this into account. I like it",1
วันหยุดนักขัตฤกษ์ ไม่ทราบว่ารับทำบัตรสิทธิจ่ายตรงไหม,Holidays Do not know where you pay exactly the right card.,3
บริการด้วยใจหรอ พยาบาลพูดจาดอกมากค่ะ มึงอย่ามาทำงานบริการเลย,Service-minded Roy Nursing flowers speak very much Do you work at service,1
ชอบคุณหมอเด็กทุกคนเลยคะ สุดยอดแต่ไม่ชอบพยาบาลแผนกฉุกเฉิน เวรดึก13/8/57นิสัยไม่ดีเหมือนไม่ได้รับการอบรม ดูถูกคนไข้ ไม่เต็มใจบริการคนไข้ ไม่ทราบว่าบริการคนไข้ทุกประเภทหรือเลือกบริการไม่ทราบ ใช้อารมณ์ส่วนตัวมากเกินไม่เหมาะที่จะเป็นคนบริการเลย,You like all kids do it. It's not like a hospital emergency department. Late shift 08/13/57 bad habits like not to have bred contempt patients unwilling hospital. Do not know all hospital services or not. I personally use a lot more suited to the service yet.,4
เยี่ยมมาก,great!,5
คุณหมอฉุกเฉินบริการดีมาก กะดึกน้ะ เว้นแต่ จนท. ฝ่ายต้อนรับชุดฟ้าๆ แย่ๆๆ พูดจาเหวี่ยงวีน ขี้นินทาคนไข้ อีกคนเป็นตุ้ดอ้วนชอบโบ๊ะแป้ง พูดจากระชาก ทำสีหน้าเชิดคอเป็นกิ้งก่า,"Emergency medical service is great, the night shift, unless it until. The reception is blue, the other bad things swung around Halloween. Penny gossip patients Obesity is another Juventud makeover like flour made flattering expressions surge nosed lizard's neck.",3
รวดเร็วทันใจ,quickly,5
มีพยาบาล2คน เวรดึกคะ อยู่ชั้น12 พูดจาไม่เพราะเลยชอบใส่อารมณ์คะ ตอนแม่ให้อาหารสายยางผู้ป่วยแต่เราทำวิธีอีกอย่างนึงอยู่ดีๆเขามาตะคอกและใช้อารมใส่คะ พอเราถามเขาดีๆแค่อยากรู้วิธีที่ถูกต้อง พยาบาลกะดึกคะเขาใส่อารมว่าทำแบบไหนก็ทำอย่างงั้นไป!!!! คือถ้าคุณไม่อยากบอกก้อไม่ต้องบอกก้อได้นะคะถ้าอารมไม่ดี,"There were two nurses on duty that night on the 12th floor not speak because I like to wear my emotions. The mother feeding hose patients, but we do have one more thing in him snapped, and the minister put it. When we asked him I just wanted to know the correct way. Night shift nurses have put his emotions that do not have to do that !!!! If you do not want to say I do not have to tell me if I have a bad mood.",2
พยาบาลทุกคน น่ารักและอัธยาศัย ดีมาก,Hospitals all lovely and very hospitable.,5
คุณหมอเด็ก น่ารักดูแลคนไข้ดีค่ะ,Dr. Sweet Child care wards good.,4
เคยมารักษามือที่นี้ แล้วดีคร๊าฟ:,"Been keeping hands, it's a good draft.",3
เป็นครั้งแรกที่มาและครั้งสุดท้าย บอกเลย รอนานมาก มากกกกกกกกกกกกกก,"The first and last time that I waited so long, very sad kg.",1
พอไช้,Paul Chai,3
เจอคุณหมอเอาใจใส่คนปว่ยใด้ดีเยี่ยมพูดจาไพเราะใส่ใจกับผู้ที่มาติดต่อ,See you caring Pueblo excellent eloquence any attention to those who come in contact.,4
ดืใจให้คาวมอบอุ่นกับประชาชน,Meaningful mind during the warm people.,2
เยี่ยมจริงๆบริการดีมาก,Really very good service,5
อารมณ์ตอนนี้ดาวเดียวยังไม่อยากจะให้เลย ขนาดจ่ายค่ารักษาเองนะ ยังได้รับการดูแลแบบทิ้งๆขว้างๆ เรามารักษาที่นี่เพราะคิดว่าคุณช่วยเราได้ ทางรพ.เครื่องทำบอลลูนหลอดเลือดเสียไม่สามารถถทำการรักษาได้ คุณแทนที่จะติดต่อประสานงานหาที่ให้ ติดต่อส่งตัวให้ เปล่าเลยให้ญาติคนไข้วิ่งติดต่อหารพ.เอง,"Now I do not want to give it one star. Size pay for their own treatment Care has also been Tiggๆ Obstructive. We treat here because they think you can help us. The hospital air balloon coronary death if not treated can. Instead, you want to make contact. Send to Rather, the patient's relatives rushed to contact the hospital itself.",1
ขอขอบคุณที่รับพ่อเข้ารักษา ถ้าไม่ได้ร.พนี้ แย่แน่ๆเลย ขอบคุณ คุณหมอไพบูลย์ มะระพฤกษ์วรรณค่ะ,Thanks for keeping his father. If not drive. May this awful Thank you Dr. Paiboon. I Wan Na Mara,1
ช้า.พูดไม่ค่อยเพราะ ถามก้อโมโห,Slow. I do not because I'm angry.,3
คุณหมอที่นี่เก่งมาก ดูแลคนไข้ดีมาก,Doctors here are very good Excellent patient care,4
ใช้กันทั้งบ้านเลย,Use both houses,5
ไปซ่อมขาเทียมเจ้าหน้าที่ตรวจสิทธิอธิบายไม่เข้าใจพูดไม่ค่อยดี,To repair prosthetics official described the talks did not understand very well.,1
หนูขอให้มีห้องว่างสำหรับคุณยาย อบ อรุณพันธ์ ด้วยเถอะค่ะ,"Asked for a room for a grandmother, Dawn Federation with me.",5
บริการ เร็วทันใจ,Quick service,5
มาตั้งแต่09.00นี่11.07ยังไม่เสร็จคนมาหาหมอก็น้อยรู้สึกท้อใจแทนคนรอ,From 09:00 to 11:07 this unfinished people come to the doctor feels it's a little discouraging the people waiting.,3
ดีมากๆคับ,Very tight,5
พยาบาลแต่ละคนพูดจาดีเฉพาะข้าราชการคนใหญ่คนโตคนมีตังใช่ไหมค่ะ โดยเฉพาะพยาบาลทำคลอดพูดจาทุเรศมาก,Each nurse only flattering Commissioner Napoleon had appointed me. The nurse midwife speak very shabby.,1
ขอใบส่งตัวไปรักษาที่รพ.จุฬาลงกรณ์ไม่ได้เลยนี่หรือสิทธิ์ประกันสังคม,"Request sent to hospital for treatment. Chulalongkorn not here, or social security rights.",4
ดีมากคับ,Very good,4
มีีตำรวจหล่อๆมั้ยคะ,Police handsome pic.,1
ชอบโรงพยาบาลนี้มากเรยค้ะ บริการดีเทียบกะเอกชนได้เรยค้ะ ^^,Like this hospital very good compared to the private's funny ^^.,4
อยากทราบว่าปี 2559 ทางโรงพยาบาลยังรับประกันสังคมเพิ่มีกหรือเปล่า อยากเปลี่ยนมาใช้บริการของทางโรงพยาบาลค่ะ,"That year, 2559, the hospital has added a social guarantee or not. Switched to the service of the hospital here.",3
บริการดีมากๆเลยค่ะ,Good service and good,5
ผมเคยมารักษาทีนี้ครับ,Now I have to treat it,4
แรกๆก็ดีนะค่ะ พอช่วงหลังๆเหมือนพยาบาลมีปัญหาแล้วมาเหวี่ยงใส่คนไข้ ทำอย่างนี้มันถูกหรอค่ะ ถ้าไม่เต็มใจทำอาชีพหมอก็ลาออกไปค่ะ คนไข้ไม่ใช่ที่รองรับอารมณ์ค่ะ คนไข้เค้าไม่ทราบหรอกนะค่ะว่าคุณหมอตรวจคนไข้มาสิบคนหรือร้อยคน แต่ช่วยพูดดีๆหน่อยนะค่ะ ไม่ชอบค่ะ,"I first wrote I recently had a medical problem, then swung into the patient. I did this, it was not. If a doctor is not willing to leave it. Patients do not support it I do not know my patients that doctors check patients for ten people or a hundred people. But lets say you do not like it here.",1
พยาบาลชั้น4 ห้องเด็กสามัญ บางคนมรรยาทแย่ พูดจาแย่ๆ ตอนกลางคืนก็นอนหลับ ไม่สนใจคนไข้ ถึงเวลาก็ให้แต่ยา เจอผู้ใหญ่ตรวจพื้นที่ก็ตื่นเดินกันให้พล่านเป็นแถว เห็นคาตา ผอ.ช่วยดูแลหน่อยคับ,"General Hospital, 4th Floor, Room Some people talk bad manners bad night's sleep, it's time to ignore the patient to the drug. Adults across the area woke walk to a surge in the Catalonian director sitters Forum.",1
ตอนนี้ ทาง ร.พ.ได้ปรับภูมิทัศน์ บริเวณด้านใน ให้ทันสมัยมากขึ้น ดูแล้ว ห้องน้ำก็สะอาดขึ้นกว่าเดิม ทำให้ผู้ป่วยไปแล้วไม่รู้สึกหดหู่,Now the process. May.'Ve landscaped the area in a more modern look and the bathroom was cleaned up. Patients already feeling depressed.,5
สะอาดมาก บริการเยี่ยม อาหารอร่อย,"Very clean, excellent service and delicious food",5
ได้มาส่งญาติที่ฉุกเฉินเวลาเกือบๆ3ทุ่มก็ได้รับการต้อนรับและได้รับการรักษาด้วยดีค่ะ ญาติได้รับบาดจากรถชน..ได้รับการรักษาอย่างรวดเร็วและได้รับการเอาใจใส่จากพยาบาลและคุณหมอตลอดจนเจ้าหน้าที่..ที่ต้อนรับข้างนอกเป็นอย่างดีสะดวกสะบายอะไรไม่เข้าใจเราก็ถามเจ้าหน้าที่..ขอบคุณคุณหมอ และพยาบาลทุกท่านค่ะ,"Has come forward relative to almost any emergency at 3 pm was greeted and treated me well. Relatives have been cut from a car crash.. Was treated and quickly gained attention from nurses and doctors, as well as the staff.. Welcome outside as well as convenient not understand it, ask the staff.. Thank you. doctor Nurses and all help",5
มาขอใช้บริการเค้าต้องทำใจละค่ะแต่หมอสูติดีมากพยาบาลไม่ค่อยดีค่ะ,"Requests that come to mind, but I was not very good, obstetric nurses rarely good.",5
พยาบาลหวยแตกมากห้องฝากคัน ส9ผมพาแฟนมาตั้งแต่เช้าเลย6โมงเช้าได้บัตรคิวที่36แฟนผมก็นั่งรอนานมากเลยไม่เห็นเรียกเป็นคิวเลยแล้วอย่างนี้หยิบบัตรคิวเพื่ออะไรคับขอช่วยปรับปุงหน่อยสิคับเรื่องคิวอะคับตอนนี้ข้าวยังไม่ได้กินเลยคนมาหลังได้ก็คนมาก่อนได้หลังทำบัตรคิวเพื่อพยบาลคนใส่แว่นอะคับแรดมากน่าจะไม่ออกไปเลยคอรับชั้นสลับกันมั่วเลยไอ้สาดตอนบายโม่งยังไม่เรียกเลยช่วยปรัปปุงกันหน่อยนะคับ,"Nursing leave a lot of room stunk cars. 9 I took my girlfriend out in the morning at 6 am, the queue was 36 I was waiting so long I do not see as a cue that then as now, took a cue card, so what do we adjust Pung it's just a matter queue. I do not eat rice now comes back, it comes back to the first cue card to the Committee with a pair of tight rhinos are very likely not to receive any core layers alternating firestorms do it. splash o'clock yet to be helped off the interrupt button. A little tight",1
พาเมียไปคลอดลูก ต้องทวงข้าวทังสามวัน แจกไม่ครบเตียง แม่บ้านก้ดคนทำคลอดก้ปากร้ายุ สมุดสีชมพูก้ไห้สับกัน ยังไม่ได้จนถึงทุกวันนี้ื ต้องปรับปรุงนิดนึงนะครับ,Take her to give birth Rice had to call three days What does a full bed Housewife press person I delivered my mouth offseason. Proposes to hack together a book Pink Not until all Nigื. I need to improve a little,2
หาที่จอดรถไม่มีเลยอาคารจอดรถใหญ่มากแต่ไม่ให้คนไข้จอด,"Finding parking is no large parking lot, but not limited to patients.",1
เป็นหนึ่งในสมาชิกครอบครัวข้าราชการตำรวจ คลอดลูกที่นี่ 2 คนแล้ว หมอสูติฯ พยาบาลน่ารักมาก หมอฉุกเฉินกลางคืนไม่น่าประทับใจนัก ส่วนที่จอดรถอันนี้ต้องทำใจหน่อยเพราะอยู่ใจกลางเมือง ที่จอดหายาก,"A member of the family, the police commissioner. Calve at 2 doctors and nurses, obstetricians's very cute. Emergency Doctor night is impressive. The car park will have to accept it because this is the center of the park are rare.",4
เป็นโรงพยาบาลที่ทำประกันสังคมใว้10กว่าปีแล้ว.ทุกครั้งที่ไปรักษา ก้ ใด้รับการดูแลดีทุกอย่างค่ะ.,A hospital social insurance trust than 10 years. Every time I go to maintain functioning well taken care of everything here.,4
คนไข้เยอะ...ต้องทำใจค่ะ ดีที่คุณแม่มารักษาผ่าตัดต้อกระจกแล้วโอเค ได้คุณหมอเก่ง ก็หยวนๆ เรื่องหยุมหยิมไปค่ะ ถือว่าไม่จำเป็นจริงๆ ก็ไม่มาแล้วกันค่ะ เพราะมาแต่ละทีต้องใช้เวลาเป็นวันเลย ระบบราชการ,"Patients have to accept it ... Well, you treat cataract surgery, then okay. You can also excelled yuan a trifling thing to me. It is not really necessary I do not think it Because each day is a journey, not bureaucracy.",3
ตอนที่มานอนถึงรู้ว่าพยาบาลเขาต้องทำทุกอย่างไห้กับคนไข้ที่ช่วยเหลือตัวเองไม่ได้ #ชั้น5ห้อง5/1ตึกเฉลิมพระเกียรติขอชมจากจัยครับ,"When I came to know that the nurses had to do everything with the idea that patients themselves are not. 5th Floor, Room # 5/1 blocks from King asked just that.",3
รักษาดี พยาบาลก็พูดจาดีแต่ที่จอดรถน้อยไปหน่อย,"Maintain good health, it's flattering, but parking a little less.",4
รักษาดีมาก รอยานานที่สุด,Drug treatment is good to wait as long as possible.,5
ขอให้พี่หายป่ยหายไข้เร็วๆครับ รักครับ คณะเรา62,Let me recover a lost love like a fever coming on board of US 62.,5
เกลียดพยาบาลที่นี่ ตรงที่ฝากครรภ์ ยิ่งแย่ พูดจากวน...มาก อยากเปลี่ยน ร.พ. ใช้สิทธิประกันสังคมก็แบบนี้ ห่วยๆๆๆๆๆๆ,I care here Speaking at the ANC even worse ... a lot of the hospital wanted to use it under the social security this crap any more.,1
นั่งรอตรวจครรภ์นานมากค่ะม่ายรุหมอทามรัยยุ,Pregnancy check waiting for you very much Madam Tam model consigned Dr. Yoon.,1
เคยเจ็บหลังจนเดินไม่ได้ต้องเข้าห้องฉุกเฉิน มาพบคุณหมอที่ห้องฉุกเฉินน่ารักมากๆครับ <3 (^^^),I never went back to the emergency room is not required. The doctor at the emergency room just so cute <3 (^^^).,5
ผมเคยไปผ่าตัดที่โรงบาลตำรวจก็บริการดีดูแลผมดี,"I had surgery at the hospital, police services were well taken care of me well.",4
รพ รัฐแต่เสียเงินเหมือน รพ เอกชนเลย เปลี่ยนเป็นเอกชน เหอะ ขนาด บัรต30ยังเสียเงินเลย ทุกอย่าง 30บาท มันควบคุมหมดนิ แต่ทำไม เสียเงินเองทุกอย่างเลย ตั้งแต่ใากครรภ์มา อีกหลายอย่าง มาก รพนี้สุดๆ,"State Hospital, but the money just like any private hospital as a private LD Buffett citrate 30 to 30 baht to pay for it all out of control, it's new, but why pay for everything themselves. ใa from the womb to the hospital several huge deal.",1
ดีมากค่ะ บริการดีเยี่ยมเลย คร้า,"Very good service, great thread.",5
"เป็นสถานรักษาพยาบาลให้กับตำรวจ,ครอบครัวตำรวจเยี่ยมมาก","A hospital to the police, the police family is great.",5
บริการดี ประทับใจ ค่ะ,Appreciate good service,5
เจ้าหน้าที่ทุกคนบริการดีมาก,All staff very good service,5
รอนาน คนเยอะ ที่จอดรถน้อยเกิน,Wait a little too crowded parking lot.,3
ไม่มีคำบรรยายคับ กับโรงพยาบาลแห่งนี้ แต่ผมให้ 5 ดาวคับ,"There is no narrative thread With this hospital, but I give it 5 stars.",5
ไม่มีคำวิจารณ์เพราะเป็นโรงพยาบาลตำรวจโดย..ตรงมันต้องดีอยู่แล้ว,No reviews because as a hospital by the police.. It'd be great at it.,5
บริการดีมากๆค่ะ,Very good service,5
รอนานมากไปแปดโมงเช้ากว่าจะได้พบหมอก็บ่ายโมงกว่ารอรับยาเสร็จประมาณบ่ายสามโมง แต่หมออัธยาศรัยดีมากชื่อนายแพทย์จิรันธนิน,Wait for more than eight in the morning to see the doctor to get medicine for more than one o'clock finished about three o'clock. But Dr. Al drug Talks very good name Dr. Chi Dhaninrat run.,3
รอคิวนานมากกกกก กว่าจะได้เจอหมอ ลำดับขั้นตอนการให้บริการไม่ดี เหนื่อย,Very long queues Than to see a doctor The order process is provided not tired.,3
พนักงาน แย่ ! มาก!!',Staff terrible! very!!',1
สุดยอดความสะดวกสบาย สะอาด เป็นระบบรวดเร็ว หมอดี เก่ง พยาบาลน่ารัก บรรยากาศเป็นกันเอง,"The system is fast, clean, comfortable, good doctors, good nurses lovely friendly atmosphere.",5
อยากแนะนำ จริงจะให้5ดาว แต่เพิ่งจะมาแค่ครั้ง2ครั้ง เพราะว่า หลานชายคนแรกและคนที่2ไปเกิดที่นั่นทั้ง2คน คุณหมอดูแลดีมาก,I recommend it to 5 stars. But just because it came just two times a nephew of the first and the second place went there 2 people. You take very good care,4
เคยไปเยี่ยมคนป่วยครั้งเดียวรู้สึกแออัดมาก.จนรู้สึกว่าอึดอัดนะ.,I once visited a sick feeling crowded. I felt really uncomfortable.,5
แฟนเป็นชาวต่างชาติ มาฝากครรถ์ ที่สูตินารีแพทย์ พยาบาลตรง ส10 พูดจาไม่ดีเลยกับชาวต่างชาติ มีการบอกให้แฟนผมกลับประเทศด้วย ทำให้แฟนผมรู้สึกไม่มีดีกับโรงพยาบาลนี้เลย เลยย้ายไปฝากครรถ์ที่โรงพยาบาลอื่น(ไม่ว่าจะประเทศไหนก้อคนเหมือนกัน),"Fans are foreigners to leave the mansion's décor obstetrical nurse practitioner 10 straight talk is not good for foreigners. I have a girlfriend back home, too. It does not make me feel good about this hospital. Moved to leave the mansion drive to another hospital (whether it be a country where people do the same).",1
คุณหมอเก่งพยาบาลน่ารักเป็นกันเองมากๆ ขอบคุณมากๆครับ,Dr. Wally cute nurse was very friendly. Thanks,5
ที่จดรถมีน้อยมากอ่ะ,Parking is a little much.,2
ทำไม พนักงานเค้าทเตอร์พูดไม่มีหางเสียง เวลาคุยกับผู้ป่วยที้มาใช้บริการ หน้าก็ไม่มอง แย่... ถ้าเลือกเปลี่ยน ประกันสังคมได้จะรีบเปลี่ยนเลย,"Why employees do not speak with a twang. When talking to patients who come to the front, it does not look bad ... if your change. Social Security will not be changed at all.",1
การดูแลรักษาพยาบาล มีการวินิจฉัยตรงโรค และอัธยาศัยของหมอและพยาบาลที่ดูแลคนไข้เป็นอย่างดี,Nursing care This disease is diagnosed And the disposition of the doctors and nurses who care for patients as well.,5
บริการก็ใช้ได้คะ แต่พนักงานประชาสัมพันธ์ ไม่ค่อยโอเครคะ,Service is not available The public relations officer It's too hard,4
เคยป่วยเป็นช็อคโกแลตซีสต์ ที่มดลูก ได้รักษา และวินิจฉัย อย่างรวดเร็ว ตอนนั้นแต่งงานแล้ว แต่มีบุตรยาก ทำให้แพทย์ต้องระมัดระวังในการรักษา เพื่อให้สามารถ มีบุตรได้ และก็สำเร็จไปได้ด้วยดี หลังจากนั้นก็มีบุตร ตามใจปราถนา คุ้มค่ากับการรักษาจริงๆค่ะ,"Patients had a chocolate treat uterine cysts and rapid diagnosis of infertility when couples but doctors need to be careful to maintain. To be able to have children, and it was going well. Then I want to have children desire to maintain the value really.",5
รักษาดีเยี่ยม,Excellent treatment,5
หมอยิ้มแย้มแจ่มใส พยาบาลใจดี,Doctor beaming nurse generous,4
เข้าติดต่อแผนกฉุกเฉิน เนื่องจากได้รับอุบัติเหตุจากการโดนนมีดบาด ที่นิ้วขวา แต่การพูดคุยของพยาบาลหน้าเคาเตอร์พูดไม่เป็นมิตร ถามคำตอบคำ พูดไม่มีหางเสียง ฟังแล้วไม่ประมับใจมากพูดแบบใส่อารมย์ แต่หมอดีนะครับให้คำแนะนำให้การใส่ใจในการดูแล,"Contact the Emergency Department Due to an accident from being a cut finger, but the talk of the nursing front counter did not ask, the answer is no word twang. I do not mind a lot of Mab speech input emoticons. But my doctor advised to pay attention to care.",2
การบริการรวดเร็ว คุณหมอให้คำอธิบายได้ชัดเจน การรักษาดีมาก,The quick service You have a clear explanation. Maintaining good,4
เป็นโรงบาลที่ดีสะดวกรวดเร็วแบ่งแผนกผู้มารักษาได้ดีไม่ต้องกลัวรอนานเลยครับ,"As well as a quick break at the hospital division, the medics had better not be afraid to wait a long time.",5
เจ้าหน้าให้การตอนรับดีมากเลยครับยิ้มแย้มแจ่มใสมากครับ,The official reception was really very cheerful.,5
